날짜,지역,매출액
2025-03-01,고척-특정영역,59.66
2025-03-02,고척-특정영역,37.72
2025-03-03,고척-특정영역,28.77
2025-03-04,고척-특정영역,45.84
2025-03-05,고척-특정영역,43.43
2025-03-06,고척-특정영역,64.48
2025-03-07,고척-특정영역,85.32
2025-03-08,고척-특정영역,59.66
2025-03-09,고척-특정영역,37.72
2025-03-10,고척-특정영역,28.77
2025-03-11,고척-특정영역,45.84
2025-03-12,고척-특정영역,43.43
2025-03-13,고척-특정영역,64.48
2025-03-14,고척-특정영역,85.32
2025-03-15,고척-특정영역,59.66
2025-03-16,고척-특정영역,37.72
2025-03-17,고척-특정영역,28.77
2025-03-18,고척-특정영역,45.84
2025-03-19,고척-특정영역,43.43
2025-03-20,고척-특정영역,64.48
2025-03-21,고척-특정영역,85.32
2025-03-22,고척-특정영역,59.66
2025-03-23,고척-특정영역,37.72
2025-03-24,고척-특정영역,28.77
2025-03-25,고척-특정영역,45.84
2025-03-26,고척-특정영역,43.43
2025-03-27,고척-특정영역,64.48
2025-03-28,고척-특정영역,85.32
2025-03-29,고척-특정영역,59.66
2025-03-30,고척-특정영역,37.72
2025-03-31,고척-특정영역,28.77
2025-04-01,고척-특정영역,37.48
2025-04-02,고척-특정영역,35.51
2025-04-03,고척-특정영역,65.9
2025-04-04,고척-특정영역,87.2
2025-04-05,고척-특정영역,76.21
2025-04-06,고척-특정영역,48.19
2025-04-07,고척-특정영역,36.76
2025-04-08,고척-특정영역,37.48
2025-04-09,고척-특정영역,35.51
2025-04-10,고척-특정영역,65.9
2025-04-11,고척-특정영역,87.2
2025-04-12,고척-특정영역,76.21
2025-04-13,고척-특정영역,48.19
2025-04-14,고척-특정영역,36.76
2025-04-15,고척-특정영역,37.48
2025-04-16,고척-특정영역,35.51
2025-04-17,고척-특정영역,65.9
2025-04-18,고척-특정영역,87.2
2025-04-19,고척-특정영역,76.21
2025-04-20,고척-특정영역,48.19
2025-04-21,고척-특정영역,36.76
2025-04-22,고척-특정영역,37.48
2025-04-23,고척-특정영역,35.51
2025-04-24,고척-특정영역,65.9
2025-04-25,고척-특정영역,87.2
2025-04-26,고척-특정영역,76.21
2025-04-27,고척-특정영역,48.19
2025-04-28,고척-특정영역,36.76
2025-04-29,고척-특정영역,37.48
2025-04-30,고척-특정영역,35.51
2025-05-01,고척-특정영역,57.14
2025-05-02,고척-특정영역,75.61
2025-05-03,고척-특정영역,66.08
2025-05-04,고척-특정영역,52.23
2025-05-05,고척-특정영역,39.84
2025-05-06,고척-특정영역,50.78
2025-05-07,고척-특정영역,48.1
2025-05-08,고척-특정영역,57.14
2025-05-09,고척-특정영역,75.61
2025-05-10,고척-특정영역,66.08
2025-05-11,고척-특정영역,52.23
2025-05-12,고척-특정영역,39.84
2025-05-13,고척-특정영역,50.78
2025-05-14,고척-특정영역,48.1
2025-05-15,고척-특정영역,57.14
2025-05-16,고척-특정영역,75.61
2025-05-17,고척-특정영역,66.08
2025-05-18,고척-특정영역,52.23
2025-05-19,고척-특정영역,39.84
2025-05-20,고척-특정영역,50.78
2025-05-21,고척-특정영역,48.1
2025-05-22,고척-특정영역,57.14
2025-05-23,고척-특정영역,75.61
2025-05-24,고척-특정영역,66.08
2025-05-25,고척-특정영역,52.23
2025-05-26,고척-특정영역,39.84
2025-05-27,고척-특정영역,50.78
2025-05-28,고척-특정영역,48.1
2025-05-29,고척-특정영역,57.14
2025-05-30,고척-특정영역,75.61
2025-05-31,고척-특정영역,66.08
2025-06-01,고척-특정영역,42.95
2025-06-02,고척-특정영역,32.76
2025-06-03,고척-특정영역,52.19
2025-06-04,고척-특정영역,49.45
2025-06-05,고척-특정영역,73.42
2025-06-06,고척-특정영역,97.14
2025-06-07,고척-특정영역,84.91
2025-06-08,고척-특정영역,42.95
2025-06-09,고척-특정영역,32.76
2025-06-10,고척-특정영역,52.19
2025-06-11,고척-특정영역,49.45
2025-06-12,고척-특정영역,73.42
2025-06-13,고척-특정영역,97.14
2025-06-14,고척-특정영역,84.91
2025-06-15,고척-특정영역,42.95
2025-06-16,고척-특정영역,32.76
2025-06-17,고척-특정영역,52.19
2025-06-18,고척-특정영역,49.45
2025-06-19,고척-특정영역,73.42
2025-06-20,고척-특정영역,97.14
2025-06-21,고척-특정영역,84.91
2025-06-22,고척-특정영역,42.95
2025-06-23,고척-특정영역,32.76
2025-06-24,고척-특정영역,52.19
2025-06-25,고척-특정영역,49.45
2025-06-26,고척-특정영역,73.42
2025-06-27,고척-특정영역,97.14
2025-06-28,고척-특정영역,84.91
2025-06-29,고척-특정영역,42.95
2025-06-30,고척-특정영역,32.76
2025-07-01,고척-특정영역,43.05
2025-07-02,고척-특정영역,40.78
2025-07-03,고척-특정영역,60.56
2025-07-04,고척-특정영역,100.15
2025-07-05,고척-특정영역,87.54
2025-07-06,고척-특정영역,55.35
2025-07-07,고척-특정영역,42.22
2025-07-08,고척-특정영역,43.05
2025-07-09,고척-특정영역,40.78
2025-07-10,고척-특정영역,60.56
2025-07-11,고척-특정영역,100.15
2025-07-12,고척-특정영역,87.54
2025-07-13,고척-특정영역,55.35
2025-07-14,고척-특정영역,42.22
2025-07-15,고척-특정영역,43.05
2025-07-16,고척-특정영역,40.78
2025-07-17,고척-특정영역,60.56
2025-07-18,고척-특정영역,100.15
2025-07-19,고척-특정영역,87.54
2025-07-20,고척-특정영역,55.35
2025-07-21,고척-특정영역,42.22
2025-07-22,고척-특정영역,43.05
2025-07-23,고척-특정영역,40.78
2025-07-24,고척-특정영역,60.56
2025-07-25,고척-특정영역,100.15
2025-07-26,고척-특정영역,87.54
2025-07-27,고척-특정영역,55.35
2025-07-28,고척-특정영역,42.22
2025-07-29,고척-특정영역,43.05
2025-07-30,고척-특정영역,40.78
2025-07-31,고척-특정영역,60.56
2025-08-01,고척-특정영역,77.84
2025-08-02,고척-특정영역,68.04
2025-08-03,고척-특정영역,43.02
2025-08-04,고척-특정영역,41.02
2025-08-05,고척-특정영역,52.28
2025-08-06,고척-특정영역,49.53
2025-08-07,고척-특정영역,73.54
2025-08-08,고척-특정영역,77.84
2025-08-09,고척-특정영역,68.04
2025-08-10,고척-특정영역,43.02
2025-08-11,고척-특정영역,41.02
2025-08-12,고척-특정영역,52.28
2025-08-13,고척-특정영역,49.53
2025-08-14,고척-특정영역,73.54
2025-08-15,고척-특정영역,77.84
2025-08-16,고척-특정영역,68.04
2025-08-17,고척-특정영역,43.02
2025-08-18,고척-특정영역,41.02
2025-08-19,고척-특정영역,52.28
2025-08-20,고척-특정영역,49.53
2025-08-21,고척-특정영역,73.54
2025-08-22,고척-특정영역,77.84
2025-08-23,고척-특정영역,68.04
2025-08-24,고척-특정영역,43.02
2025-08-25,고척-특정영역,41.02
2025-08-26,고척-특정영역,52.28
2025-08-27,고척-특정영역,49.53
2025-08-28,고척-특정영역,73.54
2025-08-29,고척-특정영역,77.84
2025-08-30,고척-특정영역,68.04
2025-08-31,고척-특정영역,43.02
2025-09-01,고척-특정영역,32.82
2025-09-02,고척-특정영역,41.82
2025-09-03,고척-특정영역,49.53
2025-09-04,고척-특정영역,73.54
2025-09-05,고척-특정영역,97.3
2025-09-06,고척-특정영역,85.05
2025-09-07,고척-특정영역,53.78
2025-09-08,고척-특정영역,32.82
2025-09-09,고척-특정영역,41.82
2025-09-10,고척-특정영역,49.53
2025-09-11,고척-특정영역,73.54
2025-09-12,고척-특정영역,97.3
2025-09-13,고척-특정영역,85.05
2025-09-14,고척-특정영역,53.78
2025-09-15,고척-특정영역,32.82
2025-09-16,고척-특정영역,41.82
2025-09-17,고척-특정영역,49.53
2025-09-18,고척-특정영역,73.54
2025-09-19,고척-특정영역,97.3
2025-09-20,고척-특정영역,85.05
2025-09-21,고척-특정영역,53.78
2025-09-22,고척-특정영역,32.82
2025-09-23,고척-특정영역,41.82
2025-09-24,고척-특정영역,49.53
2025-09-25,고척-특정영역,73.54
2025-09-26,고척-특정영역,97.3
2025-09-27,고척-특정영역,85.05
2025-09-28,고척-특정영역,53.78
2025-09-29,고척-특정영역,32.82
2025-09-30,고척-특정영역,41.82
2025-10-01,고척-특정영역,34.74
2025-10-02,고척-특정영역,51.58
2025-10-03,고척-특정영역,68.25
2025-10-04,고척-특정영역,74.57
2025-10-05,고척-특정영역,47.15
2025-10-06,고척-특정영역,35.97
2025-10-07,고척-특정영역,45.84
2025-10-08,고척-특정영역,34.74
2025-10-09,고척-특정영역,51.58
2025-10-10,고척-특정영역,68.25
2025-10-11,고척-특정영역,74.57
2025-10-12,고척-특정영역,47.15
2025-10-13,고척-특정영역,35.97
2025-10-14,고척-특정영역,45.84
2025-10-15,고척-특정영역,34.74
2025-10-16,고척-특정영역,51.58
2025-10-17,고척-특정영역,68.25
2025-10-18,고척-특정영역,74.57
2025-10-19,고척-특정영역,47.15
2025-10-20,고척-특정영역,35.97
2025-10-21,고척-특정영역,45.84
2025-10-22,고척-특정영역,34.74
2025-10-23,고척-특정영역,51.58
2025-10-24,고척-특정영역,68.25
2025-10-25,고척-특정영역,74.57
2025-10-26,고척-특정영역,47.15
2025-10-27,고척-특정영역,35.97
2025-10-28,고척-특정영역,45.84
2025-10-29,고척-특정영역,34.74
2025-10-30,고척-특정영역,51.58
2025-10-31,고척-특정영역,68.25
2025-03-01,광주-기아,18.01
2025-03-02,광주-기아,10.28
2025-03-03,광주-기아,7.37
2025-03-04,광주-기아,10.7
2025-03-05,광주-기아,11.81
2025-03-06,광주-기아,17.31
2025-03-07,광주-기아,20.36
2025-03-08,광주-기아,18.01
2025-03-09,광주-기아,10.28
2025-03-10,광주-기아,7.37
2025-03-11,광주-기아,10.7
2025-03-12,광주-기아,11.81
2025-03-13,광주-기아,17.31
2025-03-14,광주-기아,20.36
2025-03-15,광주-기아,18.01
2025-03-16,광주-기아,10.28
2025-03-17,광주-기아,7.37
2025-03-18,광주-기아,10.7
2025-03-19,광주-기아,11.81
2025-03-20,광주-기아,17.31
2025-03-21,광주-기아,20.36
2025-03-22,광주-기아,18.01
2025-03-23,광주-기아,10.28
2025-03-24,광주-기아,7.37
2025-03-25,광주-기아,10.7
2025-03-26,광주-기아,11.81
2025-03-27,광주-기아,17.31
2025-03-28,광주-기아,20.36
2025-03-29,광주-기아,18.01
2025-03-30,광주-기아,10.28
2025-03-31,광주-기아,7.37
2025-04-01,광주-기아,8.29
2025-04-02,광주-기아,9.16
2025-04-03,광주-기아,16.77
2025-04-04,광주-기아,19.72
2025-04-05,광주-기아,21.81
2025-04-06,광주-기아,12.45
2025-04-07,광주-기아,8.93
2025-04-08,광주-기아,8.29
2025-04-09,광주-기아,9.16
2025-04-10,광주-기아,16.77
2025-04-11,광주-기아,19.72
2025-04-12,광주-기아,21.81
2025-04-13,광주-기아,12.45
2025-04-14,광주-기아,8.93
2025-04-15,광주-기아,8.29
2025-04-16,광주-기아,9.16
2025-04-17,광주-기아,16.77
2025-04-18,광주-기아,19.72
2025-04-19,광주-기아,21.81
2025-04-20,광주-기아,12.45
2025-04-21,광주-기아,8.93
2025-04-22,광주-기아,8.29
2025-04-23,광주-기아,9.16
2025-04-24,광주-기아,16.77
2025-04-25,광주-기아,19.72
2025-04-26,광주-기아,21.81
2025-04-27,광주-기아,12.45
2025-04-28,광주-기아,8.93
2025-04-29,광주-기아,8.29
2025-04-30,광주-기아,9.16
2025-05-01,광주-기아,14.87
2025-05-02,광주-기아,17.49
2025-05-03,광주-기아,19.34
2025-05-04,광주-기아,13.8
2025-05-05,광주-기아,9.89
2025-05-06,광주-기아,11.49
2025-05-07,광주-기아,12.69
2025-05-08,광주-기아,14.87
2025-05-09,광주-기아,17.49
2025-05-10,광주-기아,19.34
2025-05-11,광주-기아,13.8
2025-05-12,광주-기아,9.89
2025-05-13,광주-기아,11.49
2025-05-14,광주-기아,12.69
2025-05-15,광주-기아,14.87
2025-05-16,광주-기아,17.49
2025-05-17,광주-기아,19.34
2025-05-18,광주-기아,13.8
2025-05-19,광주-기아,9.89
2025-05-20,광주-기아,11.49
2025-05-21,광주-기아,12.69
2025-05-22,광주-기아,14.87
2025-05-23,광주-기아,17.49
2025-05-24,광주-기아,19.34
2025-05-25,광주-기아,13.8
2025-05-26,광주-기아,9.89
2025-05-27,광주-기아,11.49
2025-05-28,광주-기아,12.69
2025-05-29,광주-기아,14.87
2025-05-30,광주-기아,17.49
2025-05-31,광주-기아,19.34
2025-06-01,광주-기아,10.26
2025-06-02,광주-기아,7.35
2025-06-03,광주-기아,10.67
2025-06-04,광주-기아,11.78
2025-06-05,광주-기아,17.27
2025-06-06,광주-기아,20.31
2025-06-07,광주-기아,22.46
2025-06-08,광주-기아,10.26
2025-06-09,광주-기아,7.35
2025-06-10,광주-기아,10.67
2025-06-11,광주-기아,11.78
2025-06-12,광주-기아,17.27
2025-06-13,광주-기아,20.31
2025-06-14,광주-기아,22.46
2025-06-15,광주-기아,10.26
2025-06-16,광주-기아,7.35
2025-06-17,광주-기아,10.67
2025-06-18,광주-기아,11.78
2025-06-19,광주-기아,17.27
2025-06-20,광주-기아,20.31
2025-06-21,광주-기아,22.46
2025-06-22,광주-기아,10.26
2025-06-23,광주-기아,7.35
2025-06-24,광주-기아,10.67
2025-06-25,광주-기아,11.78
2025-06-26,광주-기아,17.27
2025-06-27,광주-기아,20.31
2025-06-28,광주-기아,22.46
2025-06-29,광주-기아,10.26
2025-06-30,광주-기아,7.35
2025-07-01,광주-기아,9.91
2025-07-02,광주-기아,10.94
2025-07-03,광주-기아,16.03
2025-07-04,광주-기아,23.56
2025-07-05,광주-기아,26.06
2025-07-06,광주-기아,14.88
2025-07-07,광주-기아,10.66
2025-07-08,광주-기아,9.91
2025-07-09,광주-기아,10.94
2025-07-10,광주-기아,16.03
2025-07-11,광주-기아,23.56
2025-07-12,광주-기아,26.06
2025-07-13,광주-기아,14.88
2025-07-14,광주-기아,10.66
2025-07-15,광주-기아,9.91
2025-07-16,광주-기아,10.94
2025-07-17,광주-기아,16.03
2025-07-18,광주-기아,23.56
2025-07-19,광주-기아,26.06
2025-07-20,광주-기아,14.88
2025-07-21,광주-기아,10.66
2025-07-22,광주-기아,9.91
2025-07-23,광주-기아,10.94
2025-07-24,광주-기아,16.03
2025-07-25,광주-기아,23.56
2025-07-26,광주-기아,26.06
2025-07-27,광주-기아,14.88
2025-07-28,광주-기아,10.66
2025-07-29,광주-기아,9.91
2025-07-30,광주-기아,10.94
2025-07-31,광주-기아,16.03
2025-08-01,광주-기아,19.24
2025-08-02,광주-기아,21.27
2025-08-03,광주-기아,12.15
2025-08-04,광주-기아,10.88
2025-08-05,광주-기아,12.64
2025-08-06,광주-기아,13.95
2025-08-07,광주-기아,20.45
2025-08-08,광주-기아,19.24
2025-08-09,광주-기아,21.27
2025-08-10,광주-기아,12.15
2025-08-11,광주-기아,10.88
2025-08-12,광주-기아,12.64
2025-08-13,광주-기아,13.95
2025-08-14,광주-기아,20.45
2025-08-15,광주-기아,19.24
2025-08-16,광주-기아,21.27
2025-08-17,광주-기아,12.15
2025-08-18,광주-기아,10.88
2025-08-19,광주-기아,12.64
2025-08-20,광주-기아,13.95
2025-08-21,광주-기아,20.45
2025-08-22,광주-기아,19.24
2025-08-23,광주-기아,21.27
2025-08-24,광주-기아,12.15
2025-08-25,광주-기아,10.88
2025-08-26,광주-기아,12.64
2025-08-27,광주-기아,13.95
2025-08-28,광주-기아,20.45
2025-08-29,광주-기아,19.24
2025-08-30,광주-기아,21.27
2025-08-31,광주-기아,12.15
2025-09-01,광주-기아,8.71
2025-09-02,광주-기아,10.11
2025-09-03,광주-기아,13.95
2025-09-04,광주-기아,20.45
2025-09-05,광주-기아,24.05
2025-09-06,광주-기아,26.59
2025-09-07,광주-기아,15.18
2025-09-08,광주-기아,8.71
2025-09-09,광주-기아,10.11
2025-09-10,광주-기아,13.95
2025-09-11,광주-기아,20.45
2025-09-12,광주-기아,24.05
2025-09-13,광주-기아,26.59
2025-09-14,광주-기아,15.18
2025-09-15,광주-기아,8.71
2025-09-16,광주-기아,10.11
2025-09-17,광주-기아,13.95
2025-09-18,광주-기아,20.45
2025-09-19,광주-기아,24.05
2025-09-20,광주-기아,26.59
2025-09-21,광주-기아,15.18
2025-09-22,광주-기아,8.71
2025-09-23,광주-기아,10.11
2025-09-24,광주-기아,13.95
2025-09-25,광주-기아,20.45
2025-09-26,광주-기아,24.05
2025-09-27,광주-기아,26.59
2025-09-28,광주-기아,15.18
2025-09-29,광주-기아,8.71
2025-09-30,광주-기아,10.11
2025-10-01,광주-기아,9.45
2025-10-02,광주-기아,13.85
2025-10-03,광주-기아,16.28
2025-10-04,광주-기아,22.51
2025-10-05,광주-기아,12.85
2025-10-06,광주-기아,9.21
2025-10-07,광주-기아,10.7
2025-10-08,광주-기아,9.45
2025-10-09,광주-기아,13.85
2025-10-10,광주-기아,16.28
2025-10-11,광주-기아,22.51
2025-10-12,광주-기아,12.85
2025-10-13,광주-기아,9.21
2025-10-14,광주-기아,10.7
2025-10-15,광주-기아,9.45
2025-10-16,광주-기아,13.85
2025-10-17,광주-기아,16.28
2025-10-18,광주-기아,22.51
2025-10-19,광주-기아,12.85
2025-10-20,광주-기아,9.21
2025-10-21,광주-기아,10.7
2025-10-22,광주-기아,9.45
2025-10-23,광주-기아,13.85
2025-10-24,광주-기아,16.28
2025-10-25,광주-기아,22.51
2025-10-26,광주-기아,12.85
2025-10-27,광주-기아,9.21
2025-10-28,광주-기아,10.7
2025-10-29,광주-기아,9.45
2025-10-30,광주-기아,13.85
2025-10-31,광주-기아,16.28
2025-03-01,대구-삼성,48.78
2025-03-02,대구-삼성,33.61
2025-03-03,대구-삼성,17.7
2025-03-04,대구-삼성,29.74
2025-03-05,대구-삼성,31.04
2025-03-06,대구-삼성,45.17
2025-03-07,대구-삼성,57.44
2025-03-08,대구-삼성,48.78
2025-03-09,대구-삼성,33.61
2025-03-10,대구-삼성,17.7
2025-03-11,대구-삼성,29.74
2025-03-12,대구-삼성,31.04
2025-03-13,대구-삼성,45.17
2025-03-14,대구-삼성,57.44
2025-03-15,대구-삼성,48.78
2025-03-16,대구-삼성,33.61
2025-03-17,대구-삼성,17.7
2025-03-18,대구-삼성,29.74
2025-03-19,대구-삼성,31.04
2025-03-20,대구-삼성,45.17
2025-03-21,대구-삼성,57.44
2025-03-22,대구-삼성,48.78
2025-03-23,대구-삼성,33.61
2025-03-24,대구-삼성,17.7
2025-03-25,대구-삼성,29.74
2025-03-26,대구-삼성,31.04
2025-03-27,대구-삼성,45.17
2025-03-28,대구-삼성,57.44
2025-03-29,대구-삼성,48.78
2025-03-30,대구-삼성,33.61
2025-03-31,대구-삼성,17.7
2025-04-01,대구-삼성,24.95
2025-04-02,대구-삼성,26.04
2025-04-03,대구-삼성,47.36
2025-04-04,대구-삼성,60.23
2025-04-05,대구-삼성,63.93
2025-04-06,대구-삼성,44.05
2025-04-07,대구-삼성,23.19
2025-04-08,대구-삼성,24.95
2025-04-09,대구-삼성,26.04
2025-04-10,대구-삼성,47.36
2025-04-11,대구-삼성,60.23
2025-04-12,대구-삼성,63.93
2025-04-13,대구-삼성,44.05
2025-04-14,대구-삼성,23.19
2025-04-15,대구-삼성,24.95
2025-04-16,대구-삼성,26.04
2025-04-17,대구-삼성,47.36
2025-04-18,대구-삼성,60.23
2025-04-19,대구-삼성,63.93
2025-04-20,대구-삼성,44.05
2025-04-21,대구-삼성,23.19
2025-04-22,대구-삼성,24.95
2025-04-23,대구-삼성,26.04
2025-04-24,대구-삼성,47.36
2025-04-25,대구-삼성,60.23
2025-04-26,대구-삼성,63.93
2025-04-27,대구-삼성,44.05
2025-04-28,대구-삼성,23.19
2025-04-29,대구-삼성,24.95
2025-04-30,대구-삼성,26.04
2025-05-01,대구-삼성,38.77
2025-05-02,대구-삼성,49.3
2025-05-03,대구-삼성,52.33
2025-05-04,대구-삼성,45.07
2025-05-05,대구-삼성,23.73
2025-05-06,대구-삼성,31.91
2025-05-07,대구-삼성,33.3
2025-05-08,대구-삼성,38.77
2025-05-09,대구-삼성,49.3
2025-05-10,대구-삼성,52.33
2025-05-11,대구-삼성,45.07
2025-05-12,대구-삼성,23.73
2025-05-13,대구-삼성,31.91
2025-05-14,대구-삼성,33.3
2025-05-15,대구-삼성,38.77
2025-05-16,대구-삼성,49.3
2025-05-17,대구-삼성,52.33
2025-05-18,대구-삼성,45.07
2025-05-19,대구-삼성,23.73
2025-05-20,대구-삼성,31.91
2025-05-21,대구-삼성,33.3
2025-05-22,대구-삼성,38.77
2025-05-23,대구-삼성,49.3
2025-05-24,대구-삼성,52.33
2025-05-25,대구-삼성,45.07
2025-05-26,대구-삼성,23.73
2025-05-27,대구-삼성,31.91
2025-05-28,대구-삼성,33.3
2025-05-29,대구-삼성,38.77
2025-05-30,대구-삼성,49.3
2025-05-31,대구-삼성,52.33
2025-06-01,대구-삼성,37.72
2025-06-02,대구-삼성,19.86
2025-06-03,대구-삼성,33.38
2025-06-04,대구-삼성,34.84
2025-06-05,대구-삼성,50.69
2025-06-06,대구-삼성,64.46
2025-06-07,대구-삼성,68.42
2025-06-08,대구-삼성,37.72
2025-06-09,대구-삼성,19.86
2025-06-10,대구-삼성,33.38
2025-06-11,대구-삼성,34.84
2025-06-12,대구-삼성,50.69
2025-06-13,대구-삼성,64.46
2025-06-14,대구-삼성,68.42
2025-06-15,대구-삼성,37.72
2025-06-16,대구-삼성,19.86
2025-06-17,대구-삼성,33.38
2025-06-18,대구-삼성,34.84
2025-06-19,대구-삼성,50.69
2025-06-20,대구-삼성,64.46
2025-06-21,대구-삼성,68.42
2025-06-22,대구-삼성,37.72
2025-06-23,대구-삼성,19.86
2025-06-24,대구-삼성,33.38
2025-06-25,대구-삼성,34.84
2025-06-26,대구-삼성,50.69
2025-06-27,대구-삼성,64.46
2025-06-28,대구-삼성,68.42
2025-06-29,대구-삼성,37.72
2025-06-30,대구-삼성,19.86
2025-07-01,대구-삼성,29.73
2025-07-02,대구-삼성,31.03
2025-07-03,대구-삼성,45.16
2025-07-04,대구-삼성,71.77
2025-07-05,대구-삼성,76.19
2025-07-06,대구-삼성,52.5
2025-07-07,대구-삼성,27.64
2025-07-08,대구-삼성,29.73
2025-07-09,대구-삼성,31.03
2025-07-10,대구-삼성,45.16
2025-07-11,대구-삼성,71.77
2025-07-12,대구-삼성,76.19
2025-07-13,대구-삼성,52.5
2025-07-14,대구-삼성,27.64
2025-07-15,대구-삼성,29.73
2025-07-16,대구-삼성,31.03
2025-07-17,대구-삼성,45.16
2025-07-18,대구-삼성,71.77
2025-07-19,대구-삼성,76.19
2025-07-20,대구-삼성,52.5
2025-07-21,대구-삼성,27.64
2025-07-22,대구-삼성,29.73
2025-07-23,대구-삼성,31.03
2025-07-24,대구-삼성,45.16
2025-07-25,대구-삼성,71.77
2025-07-26,대구-삼성,76.19
2025-07-27,대구-삼성,52.5
2025-07-28,대구-삼성,27.64
2025-07-29,대구-삼성,29.73
2025-07-30,대구-삼성,31.03
2025-07-31,대구-삼성,45.16
2025-08-01,대구-삼성,61.84
2025-08-02,대구-삼성,65.64
2025-08-03,대구-삼성,45.23
2025-08-04,대구-삼성,29.77
2025-08-05,대구-삼성,40.03
2025-08-06,대구-삼성,41.78
2025-08-07,대구-삼성,60.79
2025-08-08,대구-삼성,61.84
2025-08-09,대구-삼성,65.64
2025-08-10,대구-삼성,45.23
2025-08-11,대구-삼성,29.77
2025-08-12,대구-삼성,40.03
2025-08-13,대구-삼성,41.78
2025-08-14,대구-삼성,60.79
2025-08-15,대구-삼성,61.84
2025-08-16,대구-삼성,65.64
2025-08-17,대구-삼성,45.23
2025-08-18,대구-삼성,29.77
2025-08-19,대구-삼성,40.03
2025-08-20,대구-삼성,41.78
2025-08-21,대구-삼성,60.79
2025-08-22,대구-삼성,61.84
2025-08-23,대구-삼성,65.64
2025-08-24,대구-삼성,45.23
2025-08-25,대구-삼성,29.77
2025-08-26,대구-삼성,40.03
2025-08-27,대구-삼성,41.78
2025-08-28,대구-삼성,60.79
2025-08-29,대구-삼성,61.84
2025-08-30,대구-삼성,65.64
2025-08-31,대구-삼성,45.23
2025-09-01,대구-삼성,23.82
2025-09-02,대구-삼성,32.02
2025-09-03,대구-삼성,41.78
2025-09-04,대구-삼성,60.79
2025-09-05,대구-삼성,77.3
2025-09-06,대구-삼성,82.05
2025-09-07,대구-삼성,56.54
2025-09-08,대구-삼성,23.82
2025-09-09,대구-삼성,32.02
2025-09-10,대구-삼성,41.78
2025-09-11,대구-삼성,60.79
2025-09-12,대구-삼성,77.3
2025-09-13,대구-삼성,82.05
2025-09-14,대구-삼성,56.54
2025-09-15,대구-삼성,23.82
2025-09-16,대구-삼성,32.02
2025-09-17,대구-삼성,41.78
2025-09-18,대구-삼성,60.79
2025-09-19,대구-삼성,77.3
2025-09-20,대구-삼성,82.05
2025-09-21,대구-삼성,56.54
2025-09-22,대구-삼성,23.82
2025-09-23,대구-삼성,32.02
2025-09-24,대구-삼성,41.78
2025-09-25,대구-삼성,60.79
2025-09-26,대구-삼성,77.3
2025-09-27,대구-삼성,82.05
2025-09-28,대구-삼성,56.54
2025-09-29,대구-삼성,23.82
2025-09-30,대구-삼성,32.02
2025-10-01,대구-삼성,24.83
2025-10-02,대구-삼성,36.14
2025-10-03,대구-삼성,45.95
2025-10-04,대구-삼성,60.97
2025-10-05,대구-삼성,42.01
2025-10-06,대구-삼성,22.12
2025-10-07,대구-삼성,29.74
2025-10-08,대구-삼성,24.83
2025-10-09,대구-삼성,36.14
2025-10-10,대구-삼성,45.95
2025-10-11,대구-삼성,60.97
2025-10-12,대구-삼성,42.01
2025-10-13,대구-삼성,22.12
2025-10-14,대구-삼성,29.74
2025-10-15,대구-삼성,24.83
2025-10-16,대구-삼성,36.14
2025-10-17,대구-삼성,45.95
2025-10-18,대구-삼성,60.97
2025-10-19,대구-삼성,42.01
2025-10-20,대구-삼성,22.12
2025-10-21,대구-삼성,29.74
2025-10-22,대구-삼성,24.83
2025-10-23,대구-삼성,36.14
2025-10-24,대구-삼성,45.95
2025-10-25,대구-삼성,60.97
2025-10-26,대구-삼성,42.01
2025-10-27,대구-삼성,22.12
2025-10-28,대구-삼성,29.74
2025-10-29,대구-삼성,24.83
2025-10-30,대구-삼성,36.14
2025-10-31,대구-삼성,45.95
2025-03-01,대전-한화,43.23
2025-03-02,대전-한화,24.46
2025-03-03,대전-한화,19.25
2025-03-04,대전-한화,33.92
2025-03-05,대전-한화,33.33
2025-03-06,대전-한화,45.56
2025-03-07,대전-한화,52.26
2025-03-08,대전-한화,43.23
2025-03-09,대전-한화,24.46
2025-03-10,대전-한화,19.25
2025-03-11,대전-한화,33.92
2025-03-12,대전-한화,33.33
2025-03-13,대전-한화,45.56
2025-03-14,대전-한화,52.26
2025-03-15,대전-한화,43.23
2025-03-16,대전-한화,24.46
2025-03-17,대전-한화,19.25
2025-03-18,대전-한화,33.92
2025-03-19,대전-한화,33.33
2025-03-20,대전-한화,45.56
2025-03-21,대전-한화,52.26
2025-03-22,대전-한화,43.23
2025-03-23,대전-한화,24.46
2025-03-24,대전-한화,19.25
2025-03-25,대전-한화,33.92
2025-03-26,대전-한화,33.33
2025-03-27,대전-한화,45.56
2025-03-28,대전-한화,52.26
2025-03-29,대전-한화,43.23
2025-03-30,대전-한화,24.46
2025-03-31,대전-한화,19.25
2025-04-01,대전-한화,26.67
2025-04-02,대전-한화,26.2
2025-04-03,대전-한화,44.77
2025-04-04,대전-한화,51.36
2025-04-05,대전-한화,53.1
2025-04-06,대전-한화,30.04
2025-04-07,대전-한화,23.64
2025-04-08,대전-한화,26.67
2025-04-09,대전-한화,26.2
2025-04-10,대전-한화,44.77
2025-04-11,대전-한화,51.36
2025-04-12,대전-한화,53.1
2025-04-13,대전-한화,30.04
2025-04-14,대전-한화,23.64
2025-04-15,대전-한화,26.67
2025-04-16,대전-한화,26.2
2025-04-17,대전-한화,44.77
2025-04-18,대전-한화,51.36
2025-04-19,대전-한화,53.1
2025-04-20,대전-한화,30.04
2025-04-21,대전-한화,23.64
2025-04-22,대전-한화,26.67
2025-04-23,대전-한화,26.2
2025-04-24,대전-한화,44.77
2025-04-25,대전-한화,51.36
2025-04-26,대전-한화,53.1
2025-04-27,대전-한화,30.04
2025-04-28,대전-한화,23.64
2025-04-29,대전-한화,26.67
2025-04-30,대전-한화,26.2
2025-05-01,대전-한화,39.11
2025-05-02,대전-한화,44.87
2025-05-03,대전-한화,46.39
2025-05-04,대전-한화,32.8
2025-05-05,대전-한화,25.82
2025-05-06,대전-한화,36.4
2025-05-07,대전-한화,35.77
2025-05-08,대전-한화,39.11
2025-05-09,대전-한화,44.87
2025-05-10,대전-한화,46.39
2025-05-11,대전-한화,32.8
2025-05-12,대전-한화,25.82
2025-05-13,대전-한화,36.4
2025-05-14,대전-한화,35.77
2025-05-15,대전-한화,39.11
2025-05-16,대전-한화,44.87
2025-05-17,대전-한화,46.39
2025-05-18,대전-한화,32.8
2025-05-19,대전-한화,25.82
2025-05-20,대전-한화,36.4
2025-05-21,대전-한화,35.77
2025-05-22,대전-한화,39.11
2025-05-23,대전-한화,44.87
2025-05-24,대전-한화,46.39
2025-05-25,대전-한화,32.8
2025-05-26,대전-한화,25.82
2025-05-27,대전-한화,36.4
2025-05-28,대전-한화,35.77
2025-05-29,대전-한화,39.11
2025-05-30,대전-한화,44.87
2025-05-31,대전-한화,46.39
2025-06-01,대전-한화,26.58
2025-06-02,대전-한화,20.92
2025-06-03,대전-한화,36.87
2025-06-04,대전-한화,36.22
2025-06-05,대전-한화,49.51
2025-06-06,대전-한화,56.8
2025-06-07,대전-한화,58.73
2025-06-08,대전-한화,26.58
2025-06-09,대전-한화,20.92
2025-06-10,대전-한화,36.87
2025-06-11,대전-한화,36.22
2025-06-12,대전-한화,49.51
2025-06-13,대전-한화,56.8
2025-06-14,대전-한화,58.73
2025-06-15,대전-한화,26.58
2025-06-16,대전-한화,20.92
2025-06-17,대전-한화,36.87
2025-06-18,대전-한화,36.22
2025-06-19,대전-한화,49.51
2025-06-20,대전-한화,56.8
2025-06-21,대전-한화,58.73
2025-06-22,대전-한화,26.58
2025-06-23,대전-한화,20.92
2025-06-24,대전-한화,36.87
2025-06-25,대전-한화,36.22
2025-06-26,대전-한화,49.51
2025-06-27,대전-한화,56.8
2025-06-28,대전-한화,58.73
2025-06-29,대전-한화,26.58
2025-06-30,대전-한화,20.92
2025-07-01,대전-한화,33.68
2025-07-02,대전-한화,33.09
2025-07-03,대전-한화,45.23
2025-07-04,대전-한화,64.87
2025-07-05,대전-한화,67.07
2025-07-06,대전-한화,37.94
2025-07-07,대전-한화,29.86
2025-07-08,대전-한화,33.68
2025-07-09,대전-한화,33.09
2025-07-10,대전-한화,45.23
2025-07-11,대전-한화,64.87
2025-07-12,대전-한화,67.07
2025-07-13,대전-한화,37.94
2025-07-14,대전-한화,29.86
2025-07-15,대전-한화,33.68
2025-07-16,대전-한화,33.09
2025-07-17,대전-한화,45.23
2025-07-18,대전-한화,64.87
2025-07-19,대전-한화,67.07
2025-07-20,대전-한화,37.94
2025-07-21,대전-한화,29.86
2025-07-22,대전-한화,33.68
2025-07-23,대전-한화,33.09
2025-07-24,대전-한화,45.23
2025-07-25,대전-한화,64.87
2025-07-26,대전-한화,67.07
2025-07-27,대전-한화,37.94
2025-07-28,대전-한화,29.86
2025-07-29,대전-한화,33.68
2025-07-30,대전-한화,33.09
2025-07-31,대전-한화,45.23
2025-08-01,대전-한화,52.96
2025-08-02,대전-한화,54.76
2025-08-03,대전-한화,30.98
2025-08-04,대전-한화,30.48
2025-08-05,대전-한화,42.97
2025-08-06,대전-한화,42.22
2025-08-07,대전-한화,57.71
2025-08-08,대전-한화,52.96
2025-08-09,대전-한화,54.76
2025-08-10,대전-한화,30.98
2025-08-11,대전-한화,30.48
2025-08-12,대전-한화,42.97
2025-08-13,대전-한화,42.22
2025-08-14,대전-한화,57.71
2025-08-15,대전-한화,52.96
2025-08-16,대전-한화,54.76
2025-08-17,대전-한화,30.98
2025-08-18,대전-한화,30.48
2025-08-19,대전-한화,42.97
2025-08-20,대전-한화,42.22
2025-08-21,대전-한화,57.71
2025-08-22,대전-한화,52.96
2025-08-23,대전-한화,54.76
2025-08-24,대전-한화,30.98
2025-08-25,대전-한화,30.48
2025-08-26,대전-한화,42.97
2025-08-27,대전-한화,42.22
2025-08-28,대전-한화,57.71
2025-08-29,대전-한화,52.96
2025-08-30,대전-한화,54.76
2025-08-31,대전-한화,30.98
2025-09-01,대전-한화,24.38
2025-09-02,대전-한화,34.38
2025-09-03,대전-한화,42.22
2025-09-04,대전-한화,57.71
2025-09-05,대전-한화,66.2
2025-09-06,대전-한화,68.45
2025-09-07,대전-한화,38.72
2025-09-08,대전-한화,24.38
2025-09-09,대전-한화,34.38
2025-09-10,대전-한화,42.22
2025-09-11,대전-한화,57.71
2025-09-12,대전-한화,66.2
2025-09-13,대전-한화,68.45
2025-09-14,대전-한화,38.72
2025-09-15,대전-한화,24.38
2025-09-16,대전-한화,34.38
2025-09-17,대전-한화,42.22
2025-09-18,대전-한화,57.71
2025-09-19,대전-한화,66.2
2025-09-20,대전-한화,68.45
2025-09-21,대전-한화,38.72
2025-09-22,대전-한화,24.38
2025-09-23,대전-한화,34.38
2025-09-24,대전-한화,42.22
2025-09-25,대전-한화,57.71
2025-09-26,대전-한화,66.2
2025-09-27,대전-한화,68.45
2025-09-28,대전-한화,38.72
2025-09-29,대전-한화,24.38
2025-09-30,대전-한화,34.38
2025-10-01,대전-한화,26.66
2025-10-02,대전-한화,36.45
2025-10-03,대전-한화,41.81
2025-10-04,대전-한화,54.04
2025-10-05,대전-한화,30.57
2025-10-06,대전-한화,24.06
2025-10-07,대전-한화,33.92
2025-10-08,대전-한화,26.66
2025-10-09,대전-한화,36.45
2025-10-10,대전-한화,41.81
2025-10-11,대전-한화,54.04
2025-10-12,대전-한화,30.57
2025-10-13,대전-한화,24.06
2025-10-14,대전-한화,33.92
2025-10-15,대전-한화,26.66
2025-10-16,대전-한화,36.45
2025-10-17,대전-한화,41.81
2025-10-18,대전-한화,54.04
2025-10-19,대전-한화,30.57
2025-10-20,대전-한화,24.06
2025-10-21,대전-한화,33.92
2025-10-22,대전-한화,26.66
2025-10-23,대전-한화,36.45
2025-10-24,대전-한화,41.81
2025-10-25,대전-한화,54.04
2025-10-26,대전-한화,30.57
2025-10-27,대전-한화,24.06
2025-10-28,대전-한화,33.92
2025-10-29,대전-한화,26.66
2025-10-30,대전-한화,36.45
2025-10-31,대전-한화,41.81
2025-03-01,마산-NC,36.49
2025-03-02,마산-NC,23.84
2025-03-03,마산-NC,18.75
2025-03-04,마산-NC,26.53
2025-03-05,마산-NC,30.53
2025-03-06,마산-NC,42.34
2025-03-07,마산-NC,44.52
2025-03-08,마산-NC,36.49
2025-03-09,마산-NC,23.84
2025-03-10,마산-NC,18.75
2025-03-11,마산-NC,26.53
2025-03-12,마산-NC,30.53
2025-03-13,마산-NC,42.34
2025-03-14,마산-NC,44.52
2025-03-15,마산-NC,36.49
2025-03-16,마산-NC,23.84
2025-03-17,마산-NC,18.75
2025-03-18,마산-NC,26.53
2025-03-19,마산-NC,30.53
2025-03-20,마산-NC,42.34
2025-03-21,마산-NC,44.52
2025-03-22,마산-NC,36.49
2025-03-23,마산-NC,23.84
2025-03-24,마산-NC,18.75
2025-03-25,마산-NC,26.53
2025-03-26,마산-NC,30.53
2025-03-27,마산-NC,42.34
2025-03-28,마산-NC,44.52
2025-03-29,마산-NC,36.49
2025-03-30,마산-NC,23.84
2025-03-31,마산-NC,18.75
2025-04-01,마산-NC,19.78
2025-04-02,마산-NC,22.76
2025-04-03,마산-NC,39.46
2025-04-04,마산-NC,41.49
2025-04-05,마산-NC,42.51
2025-04-06,마산-NC,27.77
2025-04-07,마산-NC,21.85
2025-04-08,마산-NC,19.78
2025-04-09,마산-NC,22.76
2025-04-10,마산-NC,39.46
2025-04-11,마산-NC,41.49
2025-04-12,마산-NC,42.51
2025-04-13,마산-NC,27.77
2025-04-14,마산-NC,21.85
2025-04-15,마산-NC,19.78
2025-04-16,마산-NC,22.76
2025-04-17,마산-NC,39.46
2025-04-18,마산-NC,41.49
2025-04-19,마산-NC,42.51
2025-04-20,마산-NC,27.77
2025-04-21,마산-NC,21.85
2025-04-22,마산-NC,19.78
2025-04-23,마산-NC,22.76
2025-04-24,마산-NC,39.46
2025-04-25,마산-NC,41.49
2025-04-26,마산-NC,42.51
2025-04-27,마산-NC,27.77
2025-04-28,마산-NC,21.85
2025-04-29,마산-NC,19.78
2025-04-30,마산-NC,22.76
2025-05-01,마산-NC,35.05
2025-05-02,마산-NC,36.86
2025-05-03,마산-NC,37.76
2025-05-04,마산-NC,30.84
2025-05-05,마산-NC,24.26
2025-05-06,마산-NC,27.46
2025-05-07,마산-NC,31.59
2025-05-08,마산-NC,35.05
2025-05-09,마산-NC,36.86
2025-05-10,마산-NC,37.76
2025-05-11,마산-NC,30.84
2025-05-12,마산-NC,24.26
2025-05-13,마산-NC,27.46
2025-05-14,마산-NC,31.59
2025-05-15,마산-NC,35.05
2025-05-16,마산-NC,36.86
2025-05-17,마산-NC,37.76
2025-05-18,마산-NC,30.84
2025-05-19,마산-NC,24.26
2025-05-20,마산-NC,27.46
2025-05-21,마산-NC,31.59
2025-05-22,마산-NC,35.05
2025-05-23,마산-NC,36.86
2025-05-24,마산-NC,37.76
2025-05-25,마산-NC,30.84
2025-05-26,마산-NC,24.26
2025-05-27,마산-NC,27.46
2025-05-28,마산-NC,31.59
2025-05-29,마산-NC,35.05
2025-05-30,마산-NC,36.86
2025-05-31,마산-NC,37.76
2025-06-01,마산-NC,26.39
2025-06-02,마산-NC,20.76
2025-06-03,마산-NC,29.37
2025-06-04,마산-NC,33.79
2025-06-05,마산-NC,46.87
2025-06-06,마산-NC,49.28
2025-06-07,마산-NC,50.49
2025-06-08,마산-NC,26.39
2025-06-09,마산-NC,20.76
2025-06-10,마산-NC,29.37
2025-06-11,마산-NC,33.79
2025-06-12,마산-NC,46.87
2025-06-13,마산-NC,49.28
2025-06-14,마산-NC,50.49
2025-06-15,마산-NC,26.39
2025-06-16,마산-NC,20.76
2025-06-17,마산-NC,29.37
2025-06-18,마산-NC,33.79
2025-06-19,마산-NC,46.87
2025-06-20,마산-NC,49.28
2025-06-21,마산-NC,50.49
2025-06-22,마산-NC,26.39
2025-06-23,마산-NC,20.76
2025-06-24,마산-NC,29.37
2025-06-25,마산-NC,33.79
2025-06-26,마산-NC,46.87
2025-06-27,마산-NC,49.28
2025-06-28,마산-NC,50.49
2025-06-29,마산-NC,26.39
2025-06-30,마산-NC,20.76
2025-07-01,마산-NC,27.23
2025-07-02,마산-NC,31.34
2025-07-03,마산-NC,43.46
2025-07-04,마산-NC,57.12
2025-07-05,마산-NC,58.52
2025-07-06,마산-NC,38.24
2025-07-07,마산-NC,30.08
2025-07-08,마산-NC,27.23
2025-07-09,마산-NC,31.34
2025-07-10,마산-NC,43.46
2025-07-11,마산-NC,57.12
2025-07-12,마산-NC,58.52
2025-07-13,마산-NC,38.24
2025-07-14,마산-NC,30.08
2025-07-15,마산-NC,27.23
2025-07-16,마산-NC,31.34
2025-07-17,마산-NC,43.46
2025-07-18,마산-NC,57.12
2025-07-19,마산-NC,58.52
2025-07-20,마산-NC,38.24
2025-07-21,마산-NC,30.08
2025-07-22,마산-NC,27.23
2025-07-23,마산-NC,31.34
2025-07-24,마산-NC,43.46
2025-07-25,마산-NC,57.12
2025-07-26,마산-NC,58.52
2025-07-27,마산-NC,38.24
2025-07-28,마산-NC,30.08
2025-07-29,마산-NC,27.23
2025-07-30,마산-NC,31.34
2025-07-31,마산-NC,43.46
2025-08-01,마산-NC,49.0
2025-08-02,마산-NC,50.2
2025-08-03,마산-NC,32.8
2025-08-04,마산-NC,32.25
2025-08-05,마산-NC,36.5
2025-08-06,마산-NC,42.0
2025-08-07,마산-NC,58.25
2025-08-08,마산-NC,49.0
2025-08-09,마산-NC,50.2
2025-08-10,마산-NC,32.8
2025-08-11,마산-NC,32.25
2025-08-12,마산-NC,36.5
2025-08-13,마산-NC,42.0
2025-08-14,마산-NC,58.25
2025-08-15,마산-NC,49.0
2025-08-16,마산-NC,50.2
2025-08-17,마산-NC,32.8
2025-08-18,마산-NC,32.25
2025-08-19,마산-NC,36.5
2025-08-20,마산-NC,42.0
2025-08-21,마산-NC,58.25
2025-08-22,마산-NC,49.0
2025-08-23,마산-NC,50.2
2025-08-24,마산-NC,32.8
2025-08-25,마산-NC,32.25
2025-08-26,마산-NC,36.5
2025-08-27,마산-NC,42.0
2025-08-28,마산-NC,58.25
2025-08-29,마산-NC,49.0
2025-08-30,마산-NC,50.2
2025-08-31,마산-NC,32.8
2025-09-01,마산-NC,25.8
2025-09-02,마산-NC,29.2
2025-09-03,마산-NC,42.0
2025-09-04,마산-NC,58.25
2025-09-05,마산-NC,61.25
2025-09-06,마산-NC,62.75
2025-09-07,마산-NC,41.0
2025-09-08,마산-NC,25.8
2025-09-09,마산-NC,29.2
2025-09-10,마산-NC,42.0
2025-09-11,마산-NC,58.25
2025-09-12,마산-NC,61.25
2025-09-13,마산-NC,62.75
2025-09-14,마산-NC,41.0
2025-09-15,마산-NC,25.8
2025-09-16,마산-NC,29.2
2025-09-17,마산-NC,42.0
2025-09-18,마산-NC,58.25
2025-09-19,마산-NC,61.25
2025-09-20,마산-NC,62.75
2025-09-21,마산-NC,41.0
2025-09-22,마산-NC,25.8
2025-09-23,마산-NC,29.2
2025-09-24,마산-NC,42.0
2025-09-25,마산-NC,58.25
2025-09-26,마산-NC,61.25
2025-09-27,마산-NC,62.75
2025-09-28,마산-NC,41.0
2025-09-29,마산-NC,25.8
2025-09-30,마산-NC,29.2
2025-10-01,마산-NC,24.42
2025-10-02,마산-NC,33.87
2025-10-03,마산-NC,35.61
2025-10-04,마산-NC,45.61
2025-10-05,마산-NC,29.8
2025-10-06,마산-NC,23.44
2025-10-07,마산-NC,26.53
2025-10-08,마산-NC,24.42
2025-10-09,마산-NC,33.87
2025-10-10,마산-NC,35.61
2025-10-11,마산-NC,45.61
2025-10-12,마산-NC,29.8
2025-10-13,마산-NC,23.44
2025-10-14,마산-NC,26.53
2025-10-15,마산-NC,24.42
2025-10-16,마산-NC,33.87
2025-10-17,마산-NC,35.61
2025-10-18,마산-NC,45.61
2025-10-19,마산-NC,29.8
2025-10-20,마산-NC,23.44
2025-10-21,마산-NC,26.53
2025-10-22,마산-NC,24.42
2025-10-23,마산-NC,33.87
2025-10-24,마산-NC,35.61
2025-10-25,마산-NC,45.61
2025-10-26,마산-NC,29.8
2025-10-27,마산-NC,23.44
2025-10-28,마산-NC,26.53
2025-10-29,마산-NC,24.42
2025-10-30,마산-NC,33.87
2025-10-31,마산-NC,35.61
2025-03-01,부산-롯데,44.61
2025-03-02,부산-롯데,29.69
2025-03-03,부산-롯데,16.41
2025-03-04,부산-롯데,29.09
2025-03-05,부산-롯데,33.57
2025-03-06,부산-롯데,48.86
2025-03-07,부산-롯데,52.59
2025-03-08,부산-롯데,44.61
2025-03-09,부산-롯데,29.69
2025-03-10,부산-롯데,16.41
2025-03-11,부산-롯데,29.09
2025-03-12,부산-롯데,33.57
2025-03-13,부산-롯데,48.86
2025-03-14,부산-롯데,52.59
2025-03-15,부산-롯데,44.61
2025-03-16,부산-롯데,29.69
2025-03-17,부산-롯데,16.41
2025-03-18,부산-롯데,29.09
2025-03-19,부산-롯데,33.57
2025-03-20,부산-롯데,48.86
2025-03-21,부산-롯데,52.59
2025-03-22,부산-롯데,44.61
2025-03-23,부산-롯데,29.69
2025-03-24,부산-롯데,16.41
2025-03-25,부산-롯데,29.09
2025-03-26,부산-롯데,33.57
2025-03-27,부산-롯데,48.86
2025-03-28,부산-롯데,52.59
2025-03-29,부산-롯데,44.61
2025-03-30,부산-롯데,29.69
2025-03-31,부산-롯데,16.41
2025-04-01,부산-롯데,23.19
2025-04-02,부산-롯데,26.76
2025-04-03,부산-롯데,48.68
2025-04-04,부산-롯데,52.4
2025-04-05,부산-롯데,55.56
2025-04-06,부산-롯데,36.98
2025-04-07,부산-롯데,20.44
2025-04-08,부산-롯데,23.19
2025-04-09,부산-롯데,26.76
2025-04-10,부산-롯데,48.68
2025-04-11,부산-롯데,52.4
2025-04-12,부산-롯데,55.56
2025-04-13,부산-롯데,36.98
2025-04-14,부산-롯데,20.44
2025-04-15,부산-롯데,23.19
2025-04-16,부산-롯데,26.76
2025-04-17,부산-롯데,48.68
2025-04-18,부산-롯데,52.4
2025-04-19,부산-롯데,55.56
2025-04-20,부산-롯데,36.98
2025-04-21,부산-롯데,20.44
2025-04-22,부산-롯데,23.19
2025-04-23,부산-롯데,26.76
2025-04-24,부산-롯데,48.68
2025-04-25,부산-롯데,52.4
2025-04-26,부산-롯데,55.56
2025-04-27,부산-롯데,36.98
2025-04-28,부산-롯데,20.44
2025-04-29,부산-롯데,23.19
2025-04-30,부산-롯데,26.76
2025-05-01,부산-롯데,43.98
2025-05-02,부산-롯데,47.34
2025-05-03,부산-롯데,50.2
2025-05-04,부산-롯데,41.76
2025-05-05,부산-롯데,23.08
2025-05-06,부산-롯데,32.74
2025-05-07,부산-롯데,37.77
2025-05-08,부산-롯데,43.98
2025-05-09,부산-롯데,47.34
2025-05-10,부산-롯데,50.2
2025-05-11,부산-롯데,41.76
2025-05-12,부산-롯데,23.08
2025-05-13,부산-롯데,32.74
2025-05-14,부산-롯데,37.77
2025-05-15,부산-롯데,43.98
2025-05-16,부산-롯데,47.34
2025-05-17,부산-롯데,50.2
2025-05-18,부산-롯데,41.76
2025-05-19,부산-롯데,23.08
2025-05-20,부산-롯데,32.74
2025-05-21,부산-롯데,37.77
2025-05-22,부산-롯데,43.98
2025-05-23,부산-롯데,47.34
2025-05-24,부산-롯데,50.2
2025-05-25,부산-롯데,41.76
2025-05-26,부산-롯데,23.08
2025-05-27,부산-롯데,32.74
2025-05-28,부산-롯데,37.77
2025-05-29,부산-롯데,43.98
2025-05-30,부산-롯데,47.34
2025-05-31,부산-롯데,50.2
2025-06-01,부산-롯데,33.78
2025-06-02,부산-롯데,18.67
2025-06-03,부산-롯데,33.1
2025-06-04,부산-롯데,38.2
2025-06-05,부산-롯데,55.6
2025-06-06,부산-롯데,59.84
2025-06-07,부산-롯데,63.45
2025-06-08,부산-롯데,33.78
2025-06-09,부산-롯데,18.67
2025-06-10,부산-롯데,33.1
2025-06-11,부산-롯데,38.2
2025-06-12,부산-롯데,55.6
2025-06-13,부산-롯데,59.84
2025-06-14,부산-롯데,63.45
2025-06-15,부산-롯데,33.78
2025-06-16,부산-롯데,18.67
2025-06-17,부산-롯데,33.1
2025-06-18,부산-롯데,38.2
2025-06-19,부산-롯데,55.6
2025-06-20,부산-롯데,59.84
2025-06-21,부산-롯데,63.45
2025-06-22,부산-롯데,33.78
2025-06-23,부산-롯데,18.67
2025-06-24,부산-롯데,33.1
2025-06-25,부산-롯데,38.2
2025-06-26,부산-롯데,55.6
2025-06-27,부산-롯데,59.84
2025-06-28,부산-롯데,63.45
2025-06-29,부산-롯데,33.78
2025-06-30,부산-롯데,18.67
2025-07-01,부산-롯데,28.79
2025-07-02,부산-롯데,33.22
2025-07-03,부산-롯데,48.35
2025-07-04,부산-롯데,65.05
2025-07-05,부산-롯데,68.97
2025-07-06,부산-롯데,45.91
2025-07-07,부산-롯데,25.37
2025-07-08,부산-롯데,28.79
2025-07-09,부산-롯데,33.22
2025-07-10,부산-롯데,48.35
2025-07-11,부산-롯데,65.05
2025-07-12,부산-롯데,68.97
2025-07-13,부산-롯데,45.91
2025-07-14,부산-롯데,25.37
2025-07-15,부산-롯데,28.79
2025-07-16,부산-롯데,33.22
2025-07-17,부산-롯데,48.35
2025-07-18,부산-롯데,65.05
2025-07-19,부산-롯데,68.97
2025-07-20,부산-롯데,45.91
2025-07-21,부산-롯데,25.37
2025-07-22,부산-롯데,28.79
2025-07-23,부산-롯데,33.22
2025-07-24,부산-롯데,48.35
2025-07-25,부산-롯데,65.05
2025-07-26,부산-롯데,68.97
2025-07-27,부산-롯데,45.91
2025-07-28,부산-롯데,25.37
2025-07-29,부산-롯데,28.79
2025-07-30,부산-롯데,33.22
2025-07-31,부산-롯데,48.35
2025-08-01,부산-롯데,56.4
2025-08-02,부산-롯데,59.8
2025-08-03,부산-롯데,39.8
2025-08-04,부산-롯데,27.5
2025-08-05,부산-롯데,39.0
2025-08-06,부산-롯데,45.0
2025-08-07,부산-롯데,65.5
2025-08-08,부산-롯데,56.4
2025-08-09,부산-롯데,59.8
2025-08-10,부산-롯데,39.8
2025-08-11,부산-롯데,27.5
2025-08-12,부산-롯데,39.0
2025-08-13,부산-롯데,45.0
2025-08-14,부산-롯데,65.5
2025-08-15,부산-롯데,56.4
2025-08-16,부산-롯데,59.8
2025-08-17,부산-롯데,39.8
2025-08-18,부산-롯데,27.5
2025-08-19,부산-롯데,39.0
2025-08-20,부산-롯데,45.0
2025-08-21,부산-롯데,65.5
2025-08-22,부산-롯데,56.4
2025-08-23,부산-롯데,59.8
2025-08-24,부산-롯데,39.8
2025-08-25,부산-롯데,27.5
2025-08-26,부산-롯데,39.0
2025-08-27,부산-롯데,45.0
2025-08-28,부산-롯데,65.5
2025-08-29,부산-롯데,56.4
2025-08-30,부산-롯데,59.8
2025-08-31,부산-롯데,39.8
2025-09-01,부산-롯데,22.0
2025-09-02,부산-롯데,31.2
2025-09-03,부산-롯데,45.0
2025-09-04,부산-롯데,65.5
2025-09-05,부산-롯데,70.5
2025-09-06,부산-롯데,74.75
2025-09-07,부산-롯데,49.75
2025-09-08,부산-롯데,22.0
2025-09-09,부산-롯데,31.2
2025-09-10,부산-롯데,45.0
2025-09-11,부산-롯데,65.5
2025-09-12,부산-롯데,70.5
2025-09-13,부산-롯데,74.75
2025-09-14,부산-롯데,49.75
2025-09-15,부산-롯데,22.0
2025-09-16,부산-롯데,31.2
2025-09-17,부산-롯데,45.0
2025-09-18,부산-롯데,65.5
2025-09-19,부산-롯데,70.5
2025-09-20,부산-롯데,74.75
2025-09-21,부산-롯데,49.75
2025-09-22,부산-롯데,22.0
2025-09-23,부산-롯데,31.2
2025-09-24,부산-롯데,45.0
2025-09-25,부산-롯데,65.5
2025-09-26,부산-롯데,70.5
2025-09-27,부산-롯데,74.75
2025-09-28,부산-롯데,49.75
2025-09-29,부산-롯데,22.0
2025-09-30,부산-롯데,31.2
2025-10-01,부산-롯데,26.85
2025-10-02,부산-롯데,39.09
2025-10-03,부산-롯데,42.07
2025-10-04,부산-롯데,55.76
2025-10-05,부산-롯데,37.11
2025-10-06,부산-롯데,20.51
2025-10-07,부산-롯데,29.09
2025-10-08,부산-롯데,26.85
2025-10-09,부산-롯데,39.09
2025-10-10,부산-롯데,42.07
2025-10-11,부산-롯데,55.76
2025-10-12,부산-롯데,37.11
2025-10-13,부산-롯데,20.51
2025-10-14,부산-롯데,29.09
2025-10-15,부산-롯데,26.85
2025-10-16,부산-롯데,39.09
2025-10-17,부산-롯데,42.07
2025-10-18,부산-롯데,55.76
2025-10-19,부산-롯데,37.11
2025-10-20,부산-롯데,20.51
2025-10-21,부산-롯데,29.09
2025-10-22,부산-롯데,26.85
2025-10-23,부산-롯데,39.09
2025-10-24,부산-롯데,42.07
2025-10-25,부산-롯데,55.76
2025-10-26,부산-롯데,37.11
2025-10-27,부산-롯데,20.51
2025-10-28,부산-롯데,29.09
2025-10-29,부산-롯데,26.85
2025-10-30,부산-롯데,39.09
2025-10-31,부산-롯데,42.07
2025-03-01,수원-KT,74.65
2025-03-02,수원-KT,42.27
2025-03-03,수원-KT,29.82
2025-03-04,수원-KT,34.76
2025-03-05,수원-KT,38.42
2025-03-06,수원-KT,58.32
2025-03-07,수원-KT,74.56
2025-03-08,수원-KT,74.65
2025-03-09,수원-KT,42.27
2025-03-10,수원-KT,29.82
2025-03-11,수원-KT,34.76
2025-03-12,수원-KT,38.42
2025-03-13,수원-KT,58.32
2025-03-14,수원-KT,74.56
2025-03-15,수원-KT,74.65
2025-03-16,수원-KT,42.27
2025-03-17,수원-KT,29.82
2025-03-18,수원-KT,34.76
2025-03-19,수원-KT,38.42
2025-03-20,수원-KT,58.32
2025-03-21,수원-KT,74.56
2025-03-22,수원-KT,74.65
2025-03-23,수원-KT,42.27
2025-03-24,수원-KT,29.82
2025-03-25,수원-KT,34.76
2025-03-26,수원-KT,38.42
2025-03-27,수원-KT,58.32
2025-03-28,수원-KT,74.56
2025-03-29,수원-KT,74.65
2025-03-30,수원-KT,42.27
2025-03-31,수원-KT,29.82
2025-04-01,수원-KT,26.4
2025-04-02,수원-KT,29.18
2025-04-03,수원-KT,55.36
2025-04-04,수원-KT,70.78
2025-04-05,수원-KT,88.58
2025-04-06,수원-KT,50.15
2025-04-07,수원-KT,35.39
2025-04-08,수원-KT,26.4
2025-04-09,수원-KT,29.18
2025-04-10,수원-KT,55.36
2025-04-11,수원-KT,70.78
2025-04-12,수원-KT,88.58
2025-04-13,수원-KT,50.15
2025-04-14,수원-KT,35.39
2025-04-15,수원-KT,26.4
2025-04-16,수원-KT,29.18
2025-04-17,수원-KT,55.36
2025-04-18,수원-KT,70.78
2025-04-19,수원-KT,88.58
2025-04-20,수원-KT,50.15
2025-04-21,수원-KT,35.39
2025-04-22,수원-KT,26.4
2025-04-23,수원-KT,29.18
2025-04-24,수원-KT,55.36
2025-04-25,수원-KT,70.78
2025-04-26,수원-KT,88.58
2025-04-27,수원-KT,50.15
2025-04-28,수원-KT,35.39
2025-04-29,수원-KT,26.4
2025-04-30,수원-KT,29.18
2025-05-01,수원-KT,52.23
2025-05-02,수원-KT,66.77
2025-05-03,수원-KT,83.56
2025-05-04,수원-KT,59.14
2025-05-05,수원-KT,41.73
2025-05-06,수원-KT,38.91
2025-05-07,수원-KT,43.01
2025-05-08,수원-KT,52.23
2025-05-09,수원-KT,66.77
2025-05-10,수원-KT,83.56
2025-05-11,수원-KT,59.14
2025-05-12,수원-KT,41.73
2025-05-13,수원-KT,38.91
2025-05-14,수원-KT,43.01
2025-05-15,수원-KT,52.23
2025-05-16,수원-KT,66.77
2025-05-17,수원-KT,83.56
2025-05-18,수원-KT,59.14
2025-05-19,수원-KT,41.73
2025-05-20,수원-KT,38.91
2025-05-21,수원-KT,43.01
2025-05-22,수원-KT,52.23
2025-05-23,수원-KT,66.77
2025-05-24,수원-KT,83.56
2025-05-25,수원-KT,59.14
2025-05-26,수원-KT,41.73
2025-05-27,수원-KT,38.91
2025-05-28,수원-KT,43.01
2025-05-29,수원-KT,52.23
2025-05-30,수원-KT,66.77
2025-05-31,수원-KT,83.56
2025-06-01,수원-KT,48.1
2025-06-02,수원-KT,33.94
2025-06-03,수원-KT,39.56
2025-06-04,수원-KT,43.73
2025-06-05,수원-KT,66.37
2025-06-06,수원-KT,84.85
2025-06-07,수원-KT,106.19
2025-06-08,수원-KT,48.1
2025-06-09,수원-KT,33.94
2025-06-10,수원-KT,39.56
2025-06-11,수원-KT,43.73
2025-06-12,수원-KT,66.37
2025-06-13,수원-KT,84.85
2025-06-14,수원-KT,106.19
2025-06-15,수원-KT,48.1
2025-06-16,수원-KT,33.94
2025-06-17,수원-KT,39.56
2025-06-18,수원-KT,43.73
2025-06-19,수원-KT,66.37
2025-06-20,수원-KT,84.85
2025-06-21,수원-KT,106.19
2025-06-22,수원-KT,48.1
2025-06-23,수원-KT,33.94
2025-06-24,수원-KT,39.56
2025-06-25,수원-KT,43.73
2025-06-26,수원-KT,66.37
2025-06-27,수원-KT,84.85
2025-06-28,수원-KT,106.19
2025-06-29,수원-KT,48.1
2025-06-30,수원-KT,33.94
2025-07-01,수원-KT,29.45
2025-07-02,수원-KT,32.55
2025-07-03,수원-KT,49.41
2025-07-04,수원-KT,78.96
2025-07-05,수원-KT,98.83
2025-07-06,수원-KT,55.95
2025-07-07,수원-KT,39.48
2025-07-08,수원-KT,29.45
2025-07-09,수원-KT,32.55
2025-07-10,수원-KT,49.41
2025-07-11,수원-KT,78.96
2025-07-12,수원-KT,98.83
2025-07-13,수원-KT,55.95
2025-07-14,수원-KT,39.48
2025-07-15,수원-KT,29.45
2025-07-16,수원-KT,32.55
2025-07-17,수원-KT,49.41
2025-07-18,수원-KT,78.96
2025-07-19,수원-KT,98.83
2025-07-20,수원-KT,55.95
2025-07-21,수원-KT,39.48
2025-07-22,수원-KT,29.45
2025-07-23,수원-KT,32.55
2025-07-24,수원-KT,49.41
2025-07-25,수원-KT,78.96
2025-07-26,수원-KT,98.83
2025-07-27,수원-KT,55.95
2025-07-28,수원-KT,39.48
2025-07-29,수원-KT,29.45
2025-07-30,수원-KT,32.55
2025-07-31,수원-KT,49.41
2025-08-01,수원-KT,65.2
2025-08-02,수원-KT,81.6
2025-08-03,수원-KT,46.2
2025-08-04,수원-KT,40.75
2025-08-05,수원-KT,38.0
2025-08-06,수원-KT,42.0
2025-08-07,수원-KT,63.75
2025-08-08,수원-KT,65.2
2025-08-09,수원-KT,81.6
2025-08-10,수원-KT,46.2
2025-08-11,수원-KT,40.75
2025-08-12,수원-KT,38.0
2025-08-13,수원-KT,42.0
2025-08-14,수원-KT,63.75
2025-08-15,수원-KT,65.2
2025-08-16,수원-KT,81.6
2025-08-17,수원-KT,46.2
2025-08-18,수원-KT,40.75
2025-08-19,수원-KT,38.0
2025-08-20,수원-KT,42.0
2025-08-21,수원-KT,63.75
2025-08-22,수원-KT,65.2
2025-08-23,수원-KT,81.6
2025-08-24,수원-KT,46.2
2025-08-25,수원-KT,40.75
2025-08-26,수원-KT,38.0
2025-08-27,수원-KT,42.0
2025-08-28,수원-KT,63.75
2025-08-29,수원-KT,65.2
2025-08-30,수원-KT,81.6
2025-08-31,수원-KT,46.2
2025-09-01,수원-KT,32.6
2025-09-02,수원-KT,30.4
2025-09-03,수원-KT,42.0
2025-09-04,수원-KT,63.75
2025-09-05,수원-KT,81.5
2025-09-06,수원-KT,102.0
2025-09-07,수원-KT,57.75
2025-09-08,수원-KT,32.6
2025-09-09,수원-KT,30.4
2025-09-10,수원-KT,42.0
2025-09-11,수원-KT,63.75
2025-09-12,수원-KT,81.5
2025-09-13,수원-KT,102.0
2025-09-14,수원-KT,57.75
2025-09-15,수원-KT,32.6
2025-09-16,수원-KT,30.4
2025-09-17,수원-KT,42.0
2025-09-18,수원-KT,63.75
2025-09-19,수원-KT,81.5
2025-09-20,수원-KT,102.0
2025-09-21,수원-KT,57.75
2025-09-22,수원-KT,32.6
2025-09-23,수원-KT,30.4
2025-09-24,수원-KT,42.0
2025-09-25,수원-KT,63.75
2025-09-26,수원-KT,81.5
2025-09-27,수원-KT,102.0
2025-09-28,수원-KT,57.75
2025-09-29,수원-KT,32.6
2025-09-30,수원-KT,30.4
2025-10-01,수원-KT,30.74
2025-10-02,수원-KT,46.66
2025-10-03,수원-KT,59.65
2025-10-04,수원-KT,93.32
2025-10-05,수원-KT,52.83
2025-10-06,수원-KT,37.28
2025-10-07,수원-KT,34.76
2025-10-08,수원-KT,30.74
2025-10-09,수원-KT,46.66
2025-10-10,수원-KT,59.65
2025-10-11,수원-KT,93.32
2025-10-12,수원-KT,52.83
2025-10-13,수원-KT,37.28
2025-10-14,수원-KT,34.76
2025-10-15,수원-KT,30.74
2025-10-16,수원-KT,46.66
2025-10-17,수원-KT,59.65
2025-10-18,수원-KT,93.32
2025-10-19,수원-KT,52.83
2025-10-20,수원-KT,37.28
2025-10-21,수원-KT,34.76
2025-10-22,수원-KT,30.74
2025-10-23,수원-KT,46.66
2025-10-24,수원-KT,59.65
2025-10-25,수원-KT,93.32
2025-10-26,수원-KT,52.83
2025-10-27,수원-KT,37.28
2025-10-28,수원-KT,34.76
2025-10-29,수원-KT,30.74
2025-10-30,수원-KT,46.66
2025-10-31,수원-KT,59.65
2025-03-01,인천-SSG,45.89
2025-03-02,인천-SSG,27.17
2025-03-03,인천-SSG,19.82
2025-03-04,인천-SSG,31.89
2025-03-05,인천-SSG,31.43
2025-03-06,인천-SSG,46.58
2025-03-07,인천-SSG,53.0
2025-03-08,인천-SSG,45.89
2025-03-09,인천-SSG,27.17
2025-03-10,인천-SSG,19.82
2025-03-11,인천-SSG,31.89
2025-03-12,인천-SSG,31.43
2025-03-13,인천-SSG,46.58
2025-03-14,인천-SSG,53.0
2025-03-15,인천-SSG,45.89
2025-03-16,인천-SSG,27.17
2025-03-17,인천-SSG,19.82
2025-03-18,인천-SSG,31.89
2025-03-19,인천-SSG,31.43
2025-03-20,인천-SSG,46.58
2025-03-21,인천-SSG,53.0
2025-03-22,인천-SSG,45.89
2025-03-23,인천-SSG,27.17
2025-03-24,인천-SSG,19.82
2025-03-25,인천-SSG,31.89
2025-03-26,인천-SSG,31.43
2025-03-27,인천-SSG,46.58
2025-03-28,인천-SSG,53.0
2025-03-29,인천-SSG,45.89
2025-03-30,인천-SSG,27.17
2025-03-31,인천-SSG,19.82
2025-04-01,인천-SSG,24.65
2025-04-02,인천-SSG,24.29
2025-04-03,인천-SSG,44.99
2025-04-04,인천-SSG,51.2
2025-04-05,인천-SSG,55.41
2025-04-06,인천-SSG,32.8
2025-04-07,인천-SSG,23.94
2025-04-08,인천-SSG,24.65
2025-04-09,인천-SSG,24.29
2025-04-10,인천-SSG,44.99
2025-04-11,인천-SSG,51.2
2025-04-12,인천-SSG,55.41
2025-04-13,인천-SSG,32.8
2025-04-14,인천-SSG,23.94
2025-04-15,인천-SSG,24.65
2025-04-16,인천-SSG,24.29
2025-04-17,인천-SSG,44.99
2025-04-18,인천-SSG,51.2
2025-04-19,인천-SSG,55.41
2025-04-20,인천-SSG,32.8
2025-04-21,인천-SSG,23.94
2025-04-22,인천-SSG,24.65
2025-04-23,인천-SSG,24.29
2025-04-24,인천-SSG,44.99
2025-04-25,인천-SSG,51.2
2025-04-26,인천-SSG,55.41
2025-04-27,인천-SSG,32.8
2025-04-28,인천-SSG,23.94
2025-04-29,인천-SSG,24.65
2025-04-30,인천-SSG,24.29
2025-05-01,인천-SSG,39.06
2025-05-02,인천-SSG,44.45
2025-05-03,인천-SSG,48.11
2025-05-04,인천-SSG,35.6
2025-05-05,인천-SSG,25.98
2025-05-06,인천-SSG,33.44
2025-05-07,인천-SSG,32.95
2025-05-08,인천-SSG,39.06
2025-05-09,인천-SSG,44.45
2025-05-10,인천-SSG,48.11
2025-05-11,인천-SSG,35.6
2025-05-12,인천-SSG,25.98
2025-05-13,인천-SSG,33.44
2025-05-14,인천-SSG,32.95
2025-05-15,인천-SSG,39.06
2025-05-16,인천-SSG,44.45
2025-05-17,인천-SSG,48.11
2025-05-18,인천-SSG,35.6
2025-05-19,인천-SSG,25.98
2025-05-20,인천-SSG,33.44
2025-05-21,인천-SSG,32.95
2025-05-22,인천-SSG,39.06
2025-05-23,인천-SSG,44.45
2025-05-24,인천-SSG,48.11
2025-05-25,인천-SSG,35.6
2025-05-26,인천-SSG,25.98
2025-05-27,인천-SSG,33.44
2025-05-28,인천-SSG,32.95
2025-05-29,인천-SSG,39.06
2025-05-30,인천-SSG,44.45
2025-05-31,인천-SSG,48.11
2025-06-01,인천-SSG,28.72
2025-06-02,인천-SSG,20.96
2025-06-03,인천-SSG,33.72
2025-06-04,인천-SSG,33.24
2025-06-05,인천-SSG,49.25
2025-06-06,인천-SSG,56.04
2025-06-07,인천-SSG,60.65
2025-06-08,인천-SSG,28.72
2025-06-09,인천-SSG,20.96
2025-06-10,인천-SSG,33.72
2025-06-11,인천-SSG,33.24
2025-06-12,인천-SSG,49.25
2025-06-13,인천-SSG,56.04
2025-06-14,인천-SSG,60.65
2025-06-15,인천-SSG,28.72
2025-06-16,인천-SSG,20.96
2025-06-17,인천-SSG,33.72
2025-06-18,인천-SSG,33.24
2025-06-19,인천-SSG,49.25
2025-06-20,인천-SSG,56.04
2025-06-21,인천-SSG,60.65
2025-06-22,인천-SSG,28.72
2025-06-23,인천-SSG,20.96
2025-06-24,인천-SSG,33.72
2025-06-25,인천-SSG,33.24
2025-06-26,인천-SSG,49.25
2025-06-27,인천-SSG,56.04
2025-06-28,인천-SSG,60.65
2025-06-29,인천-SSG,28.72
2025-06-30,인천-SSG,20.96
2025-07-01,인천-SSG,29.1
2025-07-02,인천-SSG,28.68
2025-07-03,인천-SSG,42.5
2025-07-04,인천-SSG,60.46
2025-07-05,인천-SSG,65.43
2025-07-06,인천-SSG,38.73
2025-07-07,인천-SSG,28.27
2025-07-08,인천-SSG,29.1
2025-07-09,인천-SSG,28.68
2025-07-10,인천-SSG,42.5
2025-07-11,인천-SSG,60.46
2025-07-12,인천-SSG,65.43
2025-07-13,인천-SSG,38.73
2025-07-14,인천-SSG,28.27
2025-07-15,인천-SSG,29.1
2025-07-16,인천-SSG,28.68
2025-07-17,인천-SSG,42.5
2025-07-18,인천-SSG,60.46
2025-07-19,인천-SSG,65.43
2025-07-20,인천-SSG,38.73
2025-07-21,인천-SSG,28.27
2025-07-22,인천-SSG,29.1
2025-07-23,인천-SSG,28.68
2025-07-24,인천-SSG,42.5
2025-07-25,인천-SSG,60.46
2025-07-26,인천-SSG,65.43
2025-07-27,인천-SSG,38.73
2025-07-28,인천-SSG,28.27
2025-07-29,인천-SSG,29.1
2025-07-30,인천-SSG,28.68
2025-07-31,인천-SSG,42.5
2025-08-01,인천-SSG,46.2
2025-08-02,인천-SSG,50.0
2025-08-03,인천-SSG,29.6
2025-08-04,인천-SSG,27.0
2025-08-05,인천-SSG,34.75
2025-08-06,인천-SSG,34.25
2025-08-07,인천-SSG,50.75
2025-08-08,인천-SSG,46.2
2025-08-09,인천-SSG,50.0
2025-08-10,인천-SSG,29.6
2025-08-11,인천-SSG,27.0
2025-08-12,인천-SSG,34.75
2025-08-13,인천-SSG,34.25
2025-08-14,인천-SSG,50.75
2025-08-15,인천-SSG,46.2
2025-08-16,인천-SSG,50.0
2025-08-17,인천-SSG,29.6
2025-08-18,인천-SSG,27.0
2025-08-19,인천-SSG,34.75
2025-08-20,인천-SSG,34.25
2025-08-21,인천-SSG,50.75
2025-08-22,인천-SSG,46.2
2025-08-23,인천-SSG,50.0
2025-08-24,인천-SSG,29.6
2025-08-25,인천-SSG,27.0
2025-08-26,인천-SSG,34.75
2025-08-27,인천-SSG,34.25
2025-08-28,인천-SSG,50.75
2025-08-29,인천-SSG,46.2
2025-08-30,인천-SSG,50.0
2025-08-31,인천-SSG,29.6
2025-09-01,인천-SSG,21.6
2025-09-02,인천-SSG,27.8
2025-09-03,인천-SSG,34.25
2025-09-04,인천-SSG,50.75
2025-09-05,인천-SSG,57.75
2025-09-06,인천-SSG,62.5
2025-09-07,인천-SSG,37.0
2025-09-08,인천-SSG,21.6
2025-09-09,인천-SSG,27.8
2025-09-10,인천-SSG,34.25
2025-09-11,인천-SSG,50.75
2025-09-12,인천-SSG,57.75
2025-09-13,인천-SSG,62.5
2025-09-14,인천-SSG,37.0
2025-09-15,인천-SSG,21.6
2025-09-16,인천-SSG,27.8
2025-09-17,인천-SSG,34.25
2025-09-18,인천-SSG,50.75
2025-09-19,인천-SSG,57.75
2025-09-20,인천-SSG,62.5
2025-09-21,인천-SSG,37.0
2025-09-22,인천-SSG,21.6
2025-09-23,인천-SSG,27.8
2025-09-24,인천-SSG,34.25
2025-09-25,인천-SSG,50.75
2025-09-26,인천-SSG,57.75
2025-09-27,인천-SSG,62.5
2025-09-28,인천-SSG,37.0
2025-09-29,인천-SSG,21.6
2025-09-30,인천-SSG,27.8
2025-10-01,인천-SSG,25.15
2025-10-02,인천-SSG,37.26
2025-10-03,인천-SSG,42.4
2025-10-04,인천-SSG,57.36
2025-10-05,인천-SSG,33.96
2025-10-06,인천-SSG,24.78
2025-10-07,인천-SSG,31.89
2025-10-08,인천-SSG,25.15
2025-10-09,인천-SSG,37.26
2025-10-10,인천-SSG,42.4
2025-10-11,인천-SSG,57.36
2025-10-12,인천-SSG,33.96
2025-10-13,인천-SSG,24.78
2025-10-14,인천-SSG,31.89
2025-10-15,인천-SSG,25.15
2025-10-16,인천-SSG,37.26
2025-10-17,인천-SSG,42.4
2025-10-18,인천-SSG,57.36
2025-10-19,인천-SSG,33.96
2025-10-20,인천-SSG,24.78
2025-10-21,인천-SSG,31.89
2025-10-22,인천-SSG,25.15
2025-10-23,인천-SSG,37.26
2025-10-24,인천-SSG,42.4
2025-10-25,인천-SSG,57.36
2025-10-26,인천-SSG,33.96
2025-10-27,인천-SSG,24.78
2025-10-28,인천-SSG,31.89
2025-10-29,인천-SSG,25.15
2025-10-30,인천-SSG,37.26
2025-10-31,인천-SSG,42.4
2025-03-01,잠실-특정영역,74.85
2025-03-02,잠실-특정영역,45.44
2025-03-03,잠실-특정영역,44.94
2025-03-04,잠실-특정영역,67.46
2025-03-05,잠실-특정영역,71.42
2025-03-06,잠실-특정영역,95.65
2025-03-07,잠실-특정영역,103.17
2025-03-08,잠실-특정영역,74.85
2025-03-09,잠실-특정영역,45.44
2025-03-10,잠실-특정영역,44.94
2025-03-11,잠실-특정영역,67.46
2025-03-12,잠실-특정영역,71.42
2025-03-13,잠실-특정영역,95.65
2025-03-14,잠실-특정영역,103.17
2025-03-15,잠실-특정영역,74.85
2025-03-16,잠실-특정영역,45.44
2025-03-17,잠실-특정영역,44.94
2025-03-18,잠실-특정영역,67.46
2025-03-19,잠실-특정영역,71.42
2025-03-20,잠실-특정영역,95.65
2025-03-21,잠실-특정영역,103.17
2025-03-22,잠실-특정영역,74.85
2025-03-23,잠실-특정영역,45.44
2025-03-24,잠실-특정영역,44.94
2025-03-25,잠실-특정영역,67.46
2025-03-26,잠실-특정영역,71.42
2025-03-27,잠실-특정영역,95.65
2025-03-28,잠실-특정영역,103.17
2025-03-29,잠실-특정영역,74.85
2025-03-30,잠실-특정영역,45.44
2025-03-31,잠실-특정영역,44.94
2025-04-01,잠실-특정영역,55.97
2025-04-02,잠실-특정영역,59.27
2025-04-03,잠실-특정영역,99.21
2025-04-04,잠실-특정영역,107.01
2025-04-05,잠실-특정영역,97.04
2025-04-06,잠실-특정영역,58.92
2025-04-07,잠실-특정영역,58.27
2025-04-08,잠실-특정영역,55.97
2025-04-09,잠실-특정영역,59.27
2025-04-10,잠실-특정영역,99.21
2025-04-11,잠실-특정영역,107.01
2025-04-12,잠실-특정영역,97.04
2025-04-13,잠실-특정영역,58.92
2025-04-14,잠실-특정영역,58.27
2025-04-15,잠실-특정영역,55.97
2025-04-16,잠실-특정영역,59.27
2025-04-17,잠실-특정영역,99.21
2025-04-18,잠실-특정영역,107.01
2025-04-19,잠실-특정영역,97.04
2025-04-20,잠실-특정영역,58.92
2025-04-21,잠실-특정영역,58.27
2025-04-22,잠실-특정영역,55.97
2025-04-23,잠실-특정영역,59.27
2025-04-24,잠실-특정영역,99.21
2025-04-25,잠실-특정영역,107.01
2025-04-26,잠실-특정영역,97.04
2025-04-27,잠실-특정영역,58.92
2025-04-28,잠실-특정영역,58.27
2025-04-29,잠실-특정영역,55.97
2025-04-30,잠실-특정영역,59.27
2025-05-01,잠실-특정영역,85.13
2025-05-02,잠실-특정영역,91.82
2025-05-03,잠실-특정영역,83.27
2025-05-04,잠실-특정영역,63.2
2025-05-05,잠실-특정영역,62.5
2025-05-06,잠실-특정영역,75.05
2025-05-07,잠실-특정영역,79.46
2025-05-08,잠실-특정영역,85.13
2025-05-09,잠실-특정영역,91.82
2025-05-10,잠실-특정영역,83.27
2025-05-11,잠실-특정영역,63.2
2025-05-12,잠실-특정영역,62.5
2025-05-13,잠실-특정영역,75.05
2025-05-14,잠실-특정영역,79.46
2025-05-15,잠실-특정영역,85.13
2025-05-16,잠실-특정영역,91.82
2025-05-17,잠실-특정영역,83.27
2025-05-18,잠실-특정영역,63.2
2025-05-19,잠실-특정영역,62.5
2025-05-20,잠실-특정영역,75.05
2025-05-21,잠실-특정영역,79.46
2025-05-22,잠실-특정영역,85.13
2025-05-23,잠실-특정영역,91.82
2025-05-24,잠실-특정영역,83.27
2025-05-25,잠실-특정영역,63.2
2025-05-26,잠실-특정영역,62.5
2025-05-27,잠실-특정영역,75.05
2025-05-28,잠실-특정영역,79.46
2025-05-29,잠실-특정영역,85.13
2025-05-30,잠실-특정영역,91.82
2025-05-31,잠실-특정영역,83.27
2025-06-01,잠실-특정영역,50.6
2025-06-02,잠실-특정영역,50.04
2025-06-03,잠실-특정영역,75.11
2025-06-04,잠실-특정영역,79.53
2025-06-05,잠실-특정영역,106.5
2025-06-06,잠실-특정영역,114.87
2025-06-07,잠실-특정영역,104.18
2025-06-08,잠실-특정영역,50.6
2025-06-09,잠실-특정영역,50.04
2025-06-10,잠실-특정영역,75.11
2025-06-11,잠실-특정영역,79.53
2025-06-12,잠실-특정영역,106.5
2025-06-13,잠실-특정영역,114.87
2025-06-14,잠실-특정영역,104.18
2025-06-15,잠실-특정영역,50.6
2025-06-16,잠실-특정영역,50.04
2025-06-17,잠실-특정영역,75.11
2025-06-18,잠실-특정영역,79.53
2025-06-19,잠실-특정영역,106.5
2025-06-20,잠실-특정영역,114.87
2025-06-21,잠실-특정영역,104.18
2025-06-22,잠실-특정영역,50.6
2025-06-23,잠실-특정영역,50.04
2025-06-24,잠실-특정영역,75.11
2025-06-25,잠실-특정영역,79.53
2025-06-26,잠실-특정영역,106.5
2025-06-27,잠실-특정영역,114.87
2025-06-28,잠실-특정영역,104.18
2025-06-29,잠실-특정영역,50.6
2025-06-30,잠실-특정영역,50.04
2025-07-01,잠실-특정영역,65.34
2025-07-02,잠실-특정영역,69.19
2025-07-03,잠실-특정영역,92.65
2025-07-04,잠실-특정영역,124.92
2025-07-05,잠실-특정영역,113.29
2025-07-06,잠실-특정영역,68.78
2025-07-07,잠실-특정영역,68.02
2025-07-08,잠실-특정영역,65.34
2025-07-09,잠실-특정영역,69.19
2025-07-10,잠실-특정영역,92.65
2025-07-11,잠실-특정영역,124.92
2025-07-12,잠실-특정영역,113.29
2025-07-13,잠실-특정영역,68.78
2025-07-14,잠실-특정영역,68.02
2025-07-15,잠실-특정영역,65.34
2025-07-16,잠실-특정영역,69.19
2025-07-17,잠실-특정영역,92.65
2025-07-18,잠실-특정영역,124.92
2025-07-19,잠실-특정영역,113.29
2025-07-20,잠실-특정영역,68.78
2025-07-21,잠실-특정영역,68.02
2025-07-22,잠실-특정영역,65.34
2025-07-23,잠실-특정영역,69.19
2025-07-24,잠실-특정영역,92.65
2025-07-25,잠실-특정영역,124.92
2025-07-26,잠실-특정영역,113.29
2025-07-27,잠실-특정영역,68.78
2025-07-28,잠실-특정영역,68.02
2025-07-29,잠실-특정영역,65.34
2025-07-30,잠실-특정영역,69.19
2025-07-31,잠실-특정영역,92.65
2025-08-01,잠실-특정영역,98.8
2025-08-02,잠실-특정영역,89.6
2025-08-03,잠실-특정영역,54.4
2025-08-04,잠실-특정영역,67.25
2025-08-05,잠실-특정영역,80.75
2025-08-06,잠실-특정영역,85.5
2025-08-07,잠실-특정영역,114.5
2025-08-08,잠실-특정영역,98.8
2025-08-09,잠실-특정영역,89.6
2025-08-10,잠실-특정영역,54.4
2025-08-11,잠실-특정영역,67.25
2025-08-12,잠실-특정영역,80.75
2025-08-13,잠실-특정영역,85.5
2025-08-14,잠실-특정영역,114.5
2025-08-15,잠실-특정영역,98.8
2025-08-16,잠실-특정영역,89.6
2025-08-17,잠실-특정영역,54.4
2025-08-18,잠실-특정영역,67.25
2025-08-19,잠실-특정영역,80.75
2025-08-20,잠실-특정영역,85.5
2025-08-21,잠실-특정영역,114.5
2025-08-22,잠실-특정영역,98.8
2025-08-23,잠실-특정영역,89.6
2025-08-24,잠실-특정영역,54.4
2025-08-25,잠실-특정영역,67.25
2025-08-26,잠실-특정영역,80.75
2025-08-27,잠실-특정영역,85.5
2025-08-28,잠실-특정영역,114.5
2025-08-29,잠실-특정영역,98.8
2025-08-30,잠실-특정영역,89.6
2025-08-31,잠실-특정영역,54.4
2025-09-01,잠실-특정영역,53.8
2025-09-02,잠실-특정영역,64.6
2025-09-03,잠실-특정영역,85.5
2025-09-04,잠실-특정영역,114.5
2025-09-05,잠실-특정영역,123.5
2025-09-06,잠실-특정영역,112.0
2025-09-07,잠실-특정영역,68.0
2025-09-08,잠실-특정영역,53.8
2025-09-09,잠실-특정영역,64.6
2025-09-10,잠실-특정영역,85.5
2025-09-11,잠실-특정영역,114.5
2025-09-12,잠실-특정영역,123.5
2025-09-13,잠실-특정영역,112.0
2025-09-14,잠실-특정영역,68.0
2025-09-15,잠실-특정영역,53.8
2025-09-16,잠실-특정영역,64.6
2025-09-17,잠실-특정영역,85.5
2025-09-18,잠실-특정영역,114.5
2025-09-19,잠실-특정영역,123.5
2025-09-20,잠실-특정영역,112.0
2025-09-21,잠실-특정영역,68.0
2025-09-22,잠실-특정영역,53.8
2025-09-23,잠실-특정영역,64.6
2025-09-24,잠실-특정영역,85.5
2025-09-25,잠실-특정영역,114.5
2025-09-26,잠실-특정영역,123.5
2025-09-27,잠실-특정영역,112.0
2025-09-28,잠실-특정영역,68.0
2025-09-29,잠실-특정영역,53.8
2025-09-30,잠실-특정영역,64.6
2025-10-01,잠실-특정영역,57.14
2025-10-02,잠실-특정영역,76.52
2025-10-03,잠실-특정영역,82.54
2025-10-04,잠실-특정영역,93.56
2025-10-05,잠실-특정영역,56.81
2025-10-06,잠실-특정영역,56.18
2025-10-07,잠실-특정영역,67.46
2025-10-08,잠실-특정영역,57.14
2025-10-09,잠실-특정영역,76.52
2025-10-10,잠실-특정영역,82.54
2025-10-11,잠실-특정영역,93.56
2025-10-12,잠실-특정영역,56.81
2025-10-13,잠실-특정영역,56.18
2025-10-14,잠실-특정영역,67.46
2025-10-15,잠실-특정영역,57.14
2025-10-16,잠실-특정영역,76.52
2025-10-17,잠실-특정영역,82.54
2025-10-18,잠실-특정영역,93.56
2025-10-19,잠실-특정영역,56.81
2025-10-20,잠실-특정영역,56.18
2025-10-21,잠실-특정영역,67.46
2025-10-22,잠실-특정영역,57.14
2025-10-23,잠실-특정영역,76.52
2025-10-24,잠실-특정영역,82.54
2025-10-25,잠실-특정영역,93.56
2025-10-26,잠실-특정영역,56.81
2025-10-27,잠실-특정영역,56.18
2025-10-28,잠실-특정영역,67.46
2025-10-29,잠실-특정영역,57.14
2025-10-30,잠실-특정영역,76.52
2025-10-31,잠실-특정영역,82.54
