date,day,team_1,team_2,number,winner,gb,score_diff,평균기온(°C),일강수량(mm),평균 상대습도(%),합계 일조시간(hr),이산화질소,일산화탄소,아황산가스,오존등급_num,NO2등급_num,전운량등급_num,sales
2025-03-22,토,KT,한화,1.0,한화,0.0,-1,12.8,0.0,53.8,11.1,0.0293,0.55,0.0044,2,1,1,74.65
2025-03-22,토,LG,롯데,1.0,LG,0.0,10,12.8,0.0,53.8,11.1,0.0293,0.55,0.0044,2,1,1,74.85
2025-03-22,토,KIA,NC,1.0,KIA,0.0,7,12.8,0.0,53.8,11.1,0.0293,0.55,0.0044,2,1,1,18.01
2025-03-22,토,SSG,두산,1.0,SSG,0.0,1,12.8,0.0,53.8,11.1,0.0293,0.55,0.0044,2,1,1,45.89
2025-03-22,토,삼성,키움,1.0,삼성,0.0,8,12.8,0.0,53.8,11.1,0.0293,0.55,0.0044,2,1,1,48.78
2025-03-23,일,KT,한화,1.0,KT,1.0,1,15.2,0.0,49.0,8.9,0.0245,0.53,0.0042,2,1,1,42.27
2025-03-23,일,LG,롯데,1.0,LG,0.0,8,15.2,0.0,49.0,8.9,0.0245,0.53,0.0042,2,1,1,45.44
2025-03-23,일,KIA,NC,1.0,NC,1.0,-1,15.2,0.0,49.0,8.9,0.0245,0.53,0.0042,2,1,1,10.28
2025-03-23,일,SSG,두산,1.0,SSG,0.0,3,15.2,0.0,49.0,8.9,0.0245,0.53,0.0042,2,1,1,27.17
2025-03-23,일,삼성,키움,1.0,삼성,0.0,4,15.2,0.0,49.0,8.9,0.0245,0.53,0.0042,2,1,1,33.61
2025-03-25,화,LG,한화,1.0,LG,0.0,5,12.7,0.0,63.5,3.9,0.0192,0.53,0.0032,2,1,2,67.46
2025-03-25,화,SSG,롯데,0.6026086956521739,롯데,2.0,-1,12.7,0.0,63.5,3.9,0.0192,0.53,0.0032,2,1,2,31.89
2025-03-25,화,삼성,NC,0.876,삼성,0.0,9,12.7,0.0,63.5,3.9,0.0192,0.53,0.0032,2,1,2,29.74
2025-03-25,화,KT,두산,0.4353475935828877,KT,1.0,5,12.7,0.0,63.5,3.9,0.0192,0.53,0.0032,2,1,2,34.76
2025-03-25,화,KIA,키움,0.7342926829268293,KIA,1.0,5,12.7,0.0,63.5,3.9,0.0192,0.53,0.0032,2,1,2,10.7
2025-03-26,수,LG,한화,1.0,LG,0.0,4,15.5,0.0,46.4,10.0,0.0389,0.55,0.0034,1,2,1,71.42
2025-03-26,수,SSG,롯데,0.6458695652173913,SSG,1.0,2,15.5,0.0,46.4,10.0,0.0389,0.55,0.0034,1,2,1,31.43
2025-03-26,수,삼성,NC,1.0,NC,2.0,-2,15.5,0.0,46.4,10.0,0.0389,0.55,0.0034,1,2,1,31.04
2025-03-26,수,KT,두산,0.5137433155080214,두산,3.0,-1,15.5,0.0,46.4,10.0,0.0389,0.55,0.0034,1,2,1,38.42
2025-03-26,수,KIA,키움,0.8673170731707317,키움,3.0,-7,15.5,0.0,46.4,10.0,0.0389,0.55,0.0034,1,2,1,11.81
2025-03-27,목,LG,한화,1.0,LG,0.0,1,13.7,0.3,65.1,1.9,0.0141,0.36,0.0031,2,1,3,95.65
2025-03-27,목,SSG,롯데,0.6154347826086957,SSG,1.0,3,13.7,0.3,65.1,1.9,0.0141,0.36,0.0031,2,1,3,46.58
2025-03-27,목,삼성,NC,0.865875,NC,2.0,-6,13.7,0.3,65.1,1.9,0.0141,0.36,0.0031,2,1,3,45.17
2025-03-27,목,KT,두산,0.4825668449197861,KT,2.0,1,13.7,0.3,65.1,1.9,0.0141,0.36,0.0031,2,1,3,58.32
2025-03-27,목,KIA,키움,0.5994146341463414,키움,3.0,-2,13.7,0.3,65.1,1.9,0.0141,0.36,0.0031,2,1,3,17.31
2025-03-28,금,한화,KIA,0.849702604088569,한화,4.0,5,6.5,0.0,41.6,7.8,0.0089,0.32,0.0028,2,1,1,52.26
2025-03-28,금,롯데,KT,0.9251020408163265,KT,2.0,-2,6.5,0.0,41.6,7.8,0.0089,0.32,0.0028,2,1,1,52.59
2025-03-28,금,NC,LG,0.7014290882778582,LG,0.0,-4,6.5,0.0,41.6,7.8,0.0089,0.32,0.0028,2,1,1,44.52
2025-03-28,금,키움,SSG,0.6570711896798853,키움,3.0,6,6.5,0.0,41.6,7.8,0.0089,0.32,0.0028,2,1,1,85.32
2025-03-28,금,두산,삼성,1.0,두산,4.0,2,6.5,0.0,41.6,7.8,0.0089,0.32,0.0028,2,1,1,103.17
2025-03-29,토,한화,KIA,0.849702604088569,한화,4.0,1,3.3,0.0,40.8,7.3,0.0102,0.27,0.0027,2,1,1,43.23
2025-03-29,토,롯데,KT,0.9251020408163265,롯데,5.0,2,3.3,0.0,40.8,7.3,0.0102,0.27,0.0027,2,1,1,44.61
2025-03-29,토,NC,LG,0.8114598408104197,LG,0.0,-10,3.3,0.0,40.8,7.3,0.0102,0.27,0.0027,2,1,1,36.49
2025-03-29,토,키움,SSG,0.8232799808886765,키움,3.0,2,3.3,0.0,40.8,7.3,0.0102,0.27,0.0027,2,1,1,59.66
2025-03-29,토,두산,삼성,1.0,삼성,3.0,-11,3.3,0.0,40.8,7.3,0.0102,0.27,0.0027,2,1,1,74.85
2025-03-30,일,한화,KIA,0.849702604088569,KIA,4.5,-2,3.3,0.0,51.1,7.1,0.0099,0.27,0.0026,2,1,1,24.46
2025-03-30,일,롯데,KT,0.9251020408163265,롯데,5.0,0,3.3,0.0,51.1,7.1,0.0099,0.27,0.0026,2,1,1,29.69
2025-03-30,일,키움,SSG,0.7812350692785476,SSG,2.5,-6,3.3,0.0,51.1,7.1,0.0099,0.27,0.0026,2,1,1,37.72
2025-03-30,일,두산,삼성,1.0,삼성,2.5,-1,3.3,0.0,51.1,7.1,0.0099,0.27,0.0026,2,1,1,45.44
2025-04-02,수,KT,LG,0.41866310160427805,KT,2.0,4,8.9,0.0,55.4,4.6,0.0322,0.49,0.0033,2,2,2,29.18
2025-04-02,수,한화,롯데,0.812315689508672,롯데,4.0,-4,8.9,0.0,55.4,4.6,0.0322,0.49,0.0033,2,2,2,26.2
2025-04-02,수,KIA,삼성,0.5937560975609756,삼성,1.5,-2,8.9,0.0,55.4,4.6,0.0322,0.49,0.0033,2,2,2,9.16
2025-04-02,수,두산,키움,0.3509894736842105,두산,4.5,2,8.9,0.0,55.4,4.6,0.0322,0.49,0.0033,2,2,2,59.27
2025-04-03,목,KT,LG,0.46133689839572195,LG,0.0,-4,9.8,0.0,58.6,11.6,0.0216,0.36,0.0027,2,1,1,55.36
2025-04-03,목,한화,롯데,0.8276603188883891,롯데,4.0,-2,9.8,0.0,58.6,11.6,0.0216,0.36,0.0027,2,1,1,44.77
2025-04-03,목,KIA,삼성,0.6256585365853659,KIA,4.5,2,9.8,0.0,58.6,11.6,0.0216,0.36,0.0027,2,1,1,16.77
2025-04-03,목,두산,키움,0.38446315789473684,두산,4.5,5,9.8,0.0,58.6,11.6,0.0216,0.36,0.0027,2,1,1,99.21
2025-04-04,금,삼성,한화,1.0,삼성,2.5,5,10.6,0.0,54.5,10.4,0.0254,0.39,0.003,2,1,1,60.23
2025-04-04,금,LG,KIA,1.0,LG,0.0,6,10.6,0.0,54.5,10.4,0.0254,0.39,0.003,2,1,1,107.01
2025-04-04,금,SSG,KT,0.5792608695652174,SSG,2.5,1,10.6,0.0,54.5,10.4,0.0254,0.39,0.003,2,1,1,51.2
2025-04-04,금,키움,NC,0.3082298136645963,키움,4.5,4,10.6,0.0,54.5,10.4,0.0254,0.39,0.003,2,1,1,87.2
2025-04-04,금,롯데,두산,0.7058367346938775,두산,4.5,-12,10.6,0.0,54.5,10.4,0.0254,0.39,0.003,2,1,1,52.4
2025-04-05,토,삼성,한화,1.0,한화,6.0,-1,8.0,22.8,86.1,0.0,0.0216,0.41,0.0027,2,1,3,63.93
2025-04-05,토,키움,NC,0.5312350692785476,NC,4.5,-2,8.0,22.8,86.1,0.0,0.0216,0.41,0.0027,2,1,3,76.21
2025-04-05,토,롯데,두산,0.8900816326530612,롯데,4.5,5,8.0,22.8,86.1,0.0,0.0216,0.41,0.0027,2,1,3,55.56
2025-04-06,일,삼성,한화,1.0,삼성,3.0,10,10.3,0.0,67.3,9.6,0.0141,0.34,0.0029,2,1,1,44.05
2025-04-06,일,LG,KIA,1.0,LG,0.0,4,10.3,0.0,67.3,9.6,0.0141,0.34,0.0029,2,1,1,58.92
2025-04-06,일,SSG,KT,0.8121304347826087,SSG,2.5,1,10.3,0.0,67.3,9.6,0.0141,0.34,0.0029,2,1,1,32.8
2025-04-06,일,키움,NC,0.42050883898709984,NC,4.5,-6,10.3,0.0,67.3,9.6,0.0141,0.34,0.0029,2,1,1,48.19
2025-04-06,일,롯데,두산,0.9251020408163265,두산,5.0,-3,10.3,0.0,67.3,9.6,0.0141,0.34,0.0029,2,1,1,36.98
2025-04-08,화,두산,한화,0.883621052631579,두산,5.0,1,13.8,0.0,55.0,9.2,0.0182,0.4,0.0029,2,1,1,55.97
2025-04-08,화,롯데,KIA,0.5729795918367347,KIA,6.5,-1,13.8,0.0,55.0,9.2,0.0182,0.4,0.0029,2,1,1,23.19
2025-04-08,화,키움,LG,0.6242236024844721,LG,0.0,-12,13.8,0.0,55.0,9.2,0.0182,0.4,0.0029,2,1,1,37.48
2025-04-08,화,KT,NC,0.2798395721925134,KT,5.0,1,13.8,0.0,55.0,9.2,0.0182,0.4,0.0029,2,1,1,26.4
2025-04-08,화,삼성,SSG,0.8052916666666666,삼성,3.0,4,13.8,0.0,55.0,9.2,0.0182,0.4,0.0029,2,1,1,24.95
2025-04-09,수,두산,한화,0.8126315789473684,한화,7.0,-1,12.7,0.8,51.6,2.2,0.0342,0.5,0.0033,1,2,3,59.27
2025-04-09,수,롯데,KIA,0.5531020408163265,KIA,5.5,-2,12.7,0.8,51.6,2.2,0.0342,0.5,0.0033,1,2,3,26.76
2025-04-09,수,키움,LG,0.5952580028666985,키움,6.0,4,12.7,0.8,51.6,2.2,0.0342,0.5,0.0033,1,2,3,35.51
2025-04-09,수,KT,NC,0.196096256684492,KT,4.0,3,12.7,0.8,51.6,2.2,0.0342,0.5,0.0033,1,2,3,29.18
2025-04-09,수,삼성,SSG,0.8596666666666667,SSG,2.5,-2,12.7,0.8,51.6,2.2,0.0342,0.5,0.0033,1,2,3,26.04
2025-04-10,목,두산,한화,0.9078315789473684,한화,7.0,-5,13.2,0.0,60.6,9.7,0.0178,0.45,0.0031,2,1,1,99.21
2025-04-10,목,롯데,KIA,0.5602448979591836,롯데,6.5,5,13.2,0.0,60.6,9.7,0.0178,0.45,0.0031,2,1,1,48.68
2025-04-10,목,키움,LG,0.6346751075011945,LG,0.0,-4,13.2,0.0,60.6,9.7,0.0178,0.45,0.0031,2,1,1,65.9
2025-04-10,목,KT,NC,0.27197860962566844,NC,5.5,-7,13.2,0.0,60.6,9.7,0.0178,0.45,0.0031,2,1,1,55.36
2025-04-10,목,삼성,SSG,0.887125,삼성,3.0,1,13.2,0.0,60.6,9.7,0.0178,0.45,0.0031,2,1,1,47.36
2025-04-11,금,NC,롯데,0.6208393632416788,롯데,6.5,-2,16.2,0.0,51.8,11.8,0.0308,0.55,0.0034,2,2,1,41.49
2025-04-11,금,LG,두산,1.0,LG,0.0,3,16.2,0.0,51.8,11.8,0.0308,0.55,0.0034,2,2,1,107.01
2025-04-11,금,KIA,SSG,1.0,SSG,3.5,-6,16.2,0.0,51.8,11.8,0.0308,0.55,0.0034,2,2,1,19.72
2025-04-11,금,KT,삼성,0.931336898395722,KT,5.0,2,16.2,0.0,51.8,11.8,0.0308,0.55,0.0034,2,2,1,70.78
2025-04-11,금,한화,키움,0.849702604088569,한화,7.0,10,16.2,0.0,51.8,11.8,0.0308,0.55,0.0034,2,2,1,51.36
2025-04-12,토,NC,롯데,0.688404486251809,롯데,6.5,-2,12.9,15.4,66.5,1.5,0.0255,0.46,0.0033,2,1,3,42.51
2025-04-12,토,LG,두산,0.9658105263157895,LG,0.0,4,12.9,15.4,66.5,1.5,0.0255,0.46,0.0033,2,1,3,97.04
2025-04-12,토,한화,키움,0.7725795971410007,키움,8.0,-4,12.9,15.4,66.5,1.5,0.0255,0.46,0.0033,2,1,3,53.1
2025-04-13,일,NC,롯데,0.9498462373371924,NC,6.5,3,5.5,4.2,71.1,3.7,0.0093,0.26,0.0025,2,1,2,27.77
2025-04-13,일,LG,두산,1.0,두산,7.0,-7,5.5,4.2,71.1,3.7,0.0093,0.26,0.0025,2,1,2,58.92
2025-04-13,일,KIA,SSG,1.0,KIA,7.0,6,5.5,4.2,71.1,3.7,0.0093,0.26,0.0025,2,1,2,12.45
2025-04-13,일,KT,삼성,1.0,KT,4.5,1,5.5,4.2,71.1,3.7,0.0093,0.26,0.0025,2,1,2,50.15
2025-04-13,일,한화,키움,0.849702604088569,한화,7.0,6,5.5,4.2,71.1,3.7,0.0093,0.26,0.0025,2,1,2,30.04
2025-04-15,화,SSG,한화,0.6790434782608695,한화,7.0,-2,8.2,0.0,70.3,12.1,0.0174,0.39,0.0027,2,1,1,24.65
2025-04-15,화,KIA,KT,0.5355609756097561,KIA,7.0,1,8.2,0.0,70.3,12.1,0.0174,0.39,0.0027,2,1,1,8.29
2025-04-15,화,LG,삼성,1.0,LG,0.0,3,8.2,0.0,70.3,12.1,0.0174,0.39,0.0027,2,1,1,55.97
2025-04-15,화,롯데,키움,0.39648979591836736,롯데,6.5,2,8.2,0.0,70.3,12.1,0.0174,0.39,0.0027,2,1,1,23.19
2025-04-16,수,SSG,한화,0.7297826086956521,한화,7.0,-6,14.6,0.0,58.0,9.7,0.0223,0.43,0.0032,2,1,2,24.29
2025-04-16,수,KIA,KT,0.606,KT,5.5,-3,14.6,0.0,58.0,9.7,0.0223,0.43,0.0032,2,1,2,9.16
2025-04-16,수,LG,삼성,1.0,LG,0.0,10,14.6,0.0,58.0,9.7,0.0223,0.43,0.0032,2,1,2,59.27
2025-04-16,수,롯데,키움,0.4766938775510204,롯데,6.5,2,14.6,0.0,58.0,9.7,0.0223,0.43,0.0032,2,1,2,26.76
2025-04-17,목,SSG,한화,0.7868695652173913,한화,6.0,-2,19.7,0.0,63.5,2.9,0.0198,0.39,0.0032,2,1,2,44.99
2025-04-17,목,KIA,KT,0.5904390243902439,KIA,7.0,1,19.7,0.0,63.5,2.9,0.0198,0.39,0.0032,2,1,2,16.77
2025-04-17,목,LG,삼성,1.0,삼성,5.5,-3,19.7,0.0,63.5,2.9,0.0198,0.39,0.0032,2,1,2,99.21
2025-04-17,목,롯데,키움,0.48212244897959183,롯데,5.5,6,19.7,0.0,63.5,2.9,0.0198,0.39,0.0032,2,1,2,48.68
2025-04-18,금,두산,KIA,1.0,두산,7.5,6,18.6,0.0,67.9,5.0,0.02,0.41,0.0035,2,1,2,107.01
2025-04-18,금,키움,KT,0.2786669851887243,키움,10.0,1,18.6,0.0,67.9,5.0,0.02,0.41,0.0035,2,1,2,87.2
2025-04-18,금,SSG,LG,0.7865652173913044,LG,0.0,-4,18.6,0.0,67.9,5.0,0.02,0.41,0.0035,2,1,2,51.2
2025-04-18,금,삼성,롯데,1.0,롯데,5.5,-7,18.6,0.0,67.9,5.0,0.02,0.41,0.0035,2,1,2,60.23
2025-04-18,금,한화,NC,0.849702604088569,한화,6.0,8,18.6,0.0,67.9,5.0,0.02,0.41,0.0035,2,1,2,51.36
2025-04-19,토,두산,KIA,1.0,KIA,8.0,-4,15.3,9.2,89.1,0.0,0.0178,0.35,0.003,2,1,3,97.04
2025-04-19,토,키움,KT,0.4945652173913043,KT,6.5,-10,15.3,9.2,89.1,0.0,0.0178,0.35,0.003,2,1,3,76.21
2025-04-19,토,SSG,LG,0.8142173913043478,LG,0.0,-7,15.3,9.2,89.1,0.0,0.0178,0.35,0.003,2,1,3,55.41
2025-04-19,토,삼성,롯데,1.0,삼성,6.5,7,15.3,9.2,89.1,0.0,0.0178,0.35,0.003,2,1,3,63.93
2025-04-19,토,한화,NC,0.849702604088569,한화,6.0,5,15.3,9.2,89.1,0.0,0.0178,0.35,0.003,2,1,3,53.1
2025-04-20,일,두산,KIA,1.0,KIA,7.0,-4,16.7,0.0,70.0,11.6,0.0123,0.4,0.0027,2,1,1,58.92
2025-04-20,일,키움,KT,0.40963927376970855,KT,5.5,-5,16.7,0.0,70.0,11.6,0.0123,0.4,0.0027,2,1,1,48.19
2025-04-20,일,SSG,LG,1.0,SSG,7.0,6,16.7,0.0,70.0,11.6,0.0123,0.4,0.0027,2,1,1,32.8
2025-04-20,일,삼성,롯데,1.0,롯데,5.5,-1,16.7,0.0,70.0,11.6,0.0123,0.4,0.0027,2,1,1,44.05
2025-04-20,일,한화,NC,0.849702604088569,한화,5.0,6,16.7,0.0,70.0,11.6,0.0123,0.4,0.0027,2,1,1,30.04
2025-04-22,화,LG,NC,0.5448842105263157,NC,8.0,-1,17.8,34.8,87.8,0.0,0.0171,0.38,0.0029,1,1,2,55.97
2025-04-22,화,키움,두산,0.40665312947921645,키움,10.0,1,17.8,34.8,87.8,0.0,0.0171,0.38,0.0029,1,1,2,37.48
2025-04-22,화,KT,SSG,0.2939572192513369,KT,4.5,6,17.8,34.8,87.8,0.0,0.0171,0.38,0.0029,1,1,2,26.4
2025-04-23,수,롯데,한화,0.7908571428571428,한화,4.5,-2,16.8,0.0,62.4,12.5,0.0134,0.34,0.0028,2,1,1,26.76
2025-04-23,수,삼성,KIA,0.927375,삼성,6.0,5,16.8,0.0,62.4,12.5,0.0134,0.34,0.0028,2,1,1,26.04
2025-04-23,수,LG,NC,0.7506526315789473,LG,0.0,3,16.8,0.0,62.4,12.5,0.0134,0.34,0.0028,2,1,1,59.27
2025-04-23,수,키움,두산,0.4061753463927377,두산,8.5,-6,16.8,0.0,62.4,12.5,0.0134,0.34,0.0028,2,1,1,35.51
2025-04-23,수,KT,SSG,0.4054010695187166,SSG,7.0,-6,16.8,0.0,62.4,12.5,0.0134,0.34,0.0028,2,1,1,29.18
2025-04-24,목,롯데,한화,0.925265306122449,롯데,5.0,2,14.7,0.0,52.4,12.2,0.0166,0.37,0.0034,2,1,1,48.68
2025-04-24,목,삼성,KIA,1.0,삼성,5.0,12,14.7,0.0,52.4,12.2,0.0166,0.37,0.0034,2,1,1,47.36
2025-04-24,목,LG,NC,0.8136842105263158,NC,8.0,-2,14.7,0.0,52.4,12.2,0.0166,0.37,0.0034,2,1,1,99.21
2025-04-24,목,키움,두산,0.45926899187768755,두산,7.5,-6,14.7,0.0,52.4,12.2,0.0166,0.37,0.0034,2,1,1,65.9
2025-04-24,목,KT,SSG,0.4179144385026738,SSG,6.0,-1,14.7,0.0,52.4,12.2,0.0166,0.37,0.0034,2,1,1,55.36
2025-04-25,금,한화,KT,0.849702604088569,KT,5.5,-1,12.5,0.0,38.4,12.5,0.0114,0.31,0.0031,2,1,1,51.36
2025-04-25,금,KIA,LG,1.0,LG,0.0,-1,12.5,0.0,38.4,12.5,0.0114,0.31,0.0031,2,1,1,19.72
2025-04-25,금,두산,롯데,1.0,롯데,5.0,-6,12.5,0.0,38.4,12.5,0.0114,0.31,0.0031,2,1,1,107.01
2025-04-25,금,삼성,NC,1.0,삼성,5.0,4,12.5,0.0,38.4,12.5,0.0114,0.31,0.0031,2,1,1,60.23
2025-04-25,금,SSG,키움,0.5278260869565218,SSG,6.0,1,12.5,0.0,38.4,12.5,0.0114,0.31,0.0031,2,1,1,51.2
2025-04-26,토,한화,KT,0.849702604088569,한화,4.5,1,13.8,0.0,53.1,12.0,0.0185,0.31,0.0033,2,1,1,53.1
2025-04-26,토,KIA,LG,1.0,KIA,7.5,4,13.8,0.0,53.1,12.0,0.0185,0.31,0.0033,2,1,1,21.81
2025-04-26,토,두산,롯데,1.0,롯데,4.0,-3,13.8,0.0,53.1,12.0,0.0185,0.31,0.0033,2,1,1,97.04
2025-04-26,토,삼성,NC,1.0,삼성,4.0,8,13.8,0.0,53.1,12.0,0.0185,0.31,0.0033,2,1,1,63.93
2025-04-26,토,SSG,키움,0.8104782608695652,키움,11.0,-1,13.8,0.0,53.1,12.0,0.0185,0.31,0.0033,2,1,1,55.41
2025-04-27,일,한화,KT,0.849702604088569,한화,3.5,1,14.9,0.0,46.4,6.3,0.0142,0.29,0.0031,2,1,2,30.04
2025-04-27,일,KIA,LG,1.0,KIA,6.5,1,14.9,0.0,46.4,6.3,0.0142,0.29,0.0031,2,1,2,12.45
2025-04-27,일,두산,롯데,1.0,두산,7.5,9,14.9,0.0,46.4,6.3,0.0142,0.29,0.0031,2,1,2,58.92
2025-04-27,일,삼성,NC,1.0,삼성,3.0,4,14.9,0.0,46.4,6.3,0.0142,0.29,0.0031,2,1,2,44.05
2025-04-27,일,SSG,키움,0.714,키움,10.0,-4,14.9,0.0,46.4,6.3,0.0142,0.29,0.0031,2,1,2,32.8
2025-04-29,화,두산,KT,0.5952842105263157,KT,4.5,-1,14.8,0.0,34.1,12.8,0.0201,0.36,0.0032,2,1,1,55.97
2025-04-29,화,한화,LG,0.849702604088569,한화,2.5,1,14.8,0.0,34.1,12.8,0.0201,0.36,0.0032,2,1,1,26.67
2025-04-29,화,키움,롯데,0.7885212613473483,롯데,3.0,-6,14.8,0.0,34.1,12.8,0.0201,0.36,0.0032,2,1,1,37.48
2025-04-29,화,KIA,NC,0.5158536585365854,KIA,5.5,10,14.8,0.0,34.1,12.8,0.0201,0.36,0.0032,2,1,1,8.29
2025-04-29,화,SSG,삼성,0.6730869565217391,삼성,2.0,-2,14.8,0.0,34.1,12.8,0.0201,0.36,0.0032,2,1,1,24.65
2025-04-30,수,두산,KT,0.7224421052631579,KT,3.5,-5,18.4,0.0,36.3,12.0,0.0247,0.42,0.0035,2,1,1,59.27
2025-04-30,수,한화,LG,0.849702604088569,한화,1.5,3,18.4,0.0,36.3,12.0,0.0247,0.42,0.0035,2,1,1,26.2
2025-04-30,수,키움,롯데,0.8580387004300047,롯데,2.0,-1,18.4,0.0,36.3,12.0,0.0247,0.42,0.0035,2,1,1,35.51
2025-04-30,수,KIA,NC,0.7384878048780488,NC,8.0,-7,18.4,0.0,36.3,12.0,0.0247,0.42,0.0035,2,1,1,9.16
2025-04-30,수,SSG,삼성,0.826,SSG,5.5,0,18.4,0.0,36.3,12.0,0.0247,0.42,0.0035,2,1,1,24.29
2025-05-01,목,두산,KT,0.837178947368421,두산,7.5,0,14.7,21.1,69.6,0.0,0.0171,0.33,0.0026,2,1,2,85.13
2025-05-01,목,키움,롯데,0.9555661729574773,롯데,1.5,-5,14.7,21.1,69.6,0.0,0.0171,0.33,0.0026,2,1,2,57.14
2025-05-01,목,SSG,삼성,0.9996956521739131,SSG,5.0,3,14.7,21.1,69.6,0.0,0.0171,0.33,0.0026,2,1,2,39.06
2025-05-02,금,KIA,한화,1.0,한화,0.5,-1,13.4,0.0,59.3,9.1,0.0134,0.29,0.0028,2,1,2,17.49
2025-05-02,금,롯데,NC,0.925265306122449,롯데,0.5,1,13.4,0.0,59.3,9.1,0.0134,0.29,0.0028,2,1,2,47.34
2025-05-02,금,삼성,두산,1.0,삼성,1.0,4,13.4,0.0,59.3,9.1,0.0134,0.29,0.0028,2,1,2,49.3
2025-05-02,금,LG,SSG,1.0,SSG,4.0,-1,13.4,0.0,59.3,9.1,0.0134,0.29,0.0028,2,1,2,91.82
2025-05-02,금,KT,키움,0.6564171122994652,키움,9.5,-2,13.4,0.0,59.3,9.1,0.0134,0.29,0.0028,2,1,2,66.77
2025-05-03,토,롯데,NC,0.925265306122449,NC,8.0,-9,11.2,7.3,80.5,1.2,0.0147,0.29,0.0024,2,1,2,50.2
2025-05-03,토,삼성,두산,1.0,두산,7.5,-5,11.2,7.3,80.5,1.2,0.0147,0.29,0.0024,2,1,2,52.33
2025-05-03,토,LG,SSG,1.0,LG,0.0,3,11.2,7.3,80.5,1.2,0.0147,0.29,0.0024,2,1,2,83.27
2025-05-03,토,KT,키움,0.8133689839572192,KT,3.5,9,11.2,7.3,80.5,1.2,0.0147,0.29,0.0024,2,1,2,83.56
2025-05-04,일,KIA,한화,1.0,한화,1.0,-2,13.7,0.0,60.9,12.8,0.0156,0.33,0.003,2,1,1,13.8
2025-05-04,일,롯데,NC,0.925265306122449,NC,8.0,-3,13.7,0.0,60.9,12.8,0.0156,0.33,0.003,2,1,1,41.76
2025-05-04,일,삼성,두산,1.0,두산,7.5,-5,13.7,0.0,60.9,12.8,0.0156,0.33,0.003,2,1,1,45.07
2025-05-04,일,LG,SSG,1.0,LG,0.0,8,13.7,0.0,60.9,12.8,0.0156,0.33,0.003,2,1,1,63.2
2025-05-04,일,KT,키움,0.8106951871657754,KT,3.5,1,13.7,0.0,60.9,12.8,0.0156,0.33,0.003,2,1,1,59.14
2025-05-05,월,키움,KIA,0.9555661729574773,KIA,6.0,-12,12.1,0.0,64.5,0.3,0.015,0.35,0.0029,2,1,2,39.84
2025-05-05,월,두산,LG,1.0,두산,6.5,3,12.1,0.0,64.5,0.3,0.015,0.35,0.0029,2,1,2,62.5
2025-05-05,월,KT,NC,0.6425133689839572,NC,7.0,-4,12.1,0.0,64.5,0.3,0.015,0.35,0.0029,2,1,2,41.73
2025-05-05,월,롯데,SSG,0.925265306122449,SSG,5.0,-6,12.1,0.0,64.5,0.3,0.015,0.35,0.0029,2,1,2,23.08
2025-05-05,월,한화,삼성,0.849702604088569,한화,0.0,2,12.1,0.0,64.5,0.3,0.015,0.35,0.0029,2,1,2,25.82
2025-05-06,화,키움,KIA,0.9555661729574773,KIA,6.0,-2,14.4,0.0,57.5,8.5,0.0116,0.29,0.0027,2,1,1,50.78
2025-05-06,화,두산,LG,1.0,LG,0.0,-4,14.4,0.0,57.5,8.5,0.0116,0.29,0.0027,2,1,1,75.05
2025-05-06,화,KT,NC,0.5210160427807486,NC,7.0,-3,14.4,0.0,57.5,8.5,0.0116,0.29,0.0027,2,1,1,38.91
2025-05-06,화,롯데,SSG,0.925265306122449,롯데,2.5,6,14.4,0.0,57.5,8.5,0.0116,0.29,0.0027,2,1,1,32.74
2025-05-06,화,한화,삼성,0.849702604088569,한화,0.0,2,14.4,0.0,57.5,8.5,0.0116,0.29,0.0027,2,1,1,36.4
2025-05-07,수,키움,KIA,0.9555661729574773,키움,12.5,1,14.9,0.0,61.5,12.3,0.017,0.34,0.0032,2,1,1,48.1
2025-05-07,수,두산,LG,1.0,두산,7.5,3,14.9,0.0,61.5,12.3,0.017,0.34,0.0032,2,1,1,79.46
2025-05-07,수,KT,NC,0.19240641711229947,NC,7.0,-10,14.9,0.0,61.5,12.3,0.017,0.34,0.0032,2,1,1,43.01
2025-05-07,수,롯데,SSG,0.925265306122449,롯데,2.5,4,14.9,0.0,61.5,12.3,0.017,0.34,0.0032,2,1,1,37.77
2025-05-07,수,한화,삼성,0.849702604088569,한화,0.0,4,14.9,0.0,61.5,12.3,0.017,0.34,0.0032,2,1,1,35.77
2025-05-09,금,키움,한화,0.9555661729574773,한화,0.0,-2,15.1,17.6,81.8,0.0,0.0207,0.36,0.0028,2,1,3,75.61
2025-05-10,토,키움,한화,0.9555661729574773,한화,0.0,-8,12.3,14.1,95.5,0.0,0.0144,0.38,0.0026,2,1,3,66.08
2025-05-10,토,SSG,KIA,1.0,KIA,7.5,-1,12.3,14.1,95.5,0.0,0.0144,0.38,0.0026,2,1,3,48.11
2025-05-10,토,삼성,LG,1.0,LG,1.0,-1,12.3,14.1,95.5,0.0,0.0144,0.38,0.0026,2,1,3,52.33
2025-05-10,토,삼성,LG,1.0,LG,1.0,-3,12.3,14.1,95.5,0.0,0.0144,0.38,0.0026,2,1,3,52.33
2025-05-10,토,삼성,LG,1.0,LG,1.0,-1,12.3,14.1,95.5,0.0,0.0144,0.38,0.0026,2,1,3,52.33
2025-05-10,토,삼성,LG,1.0,LG,1.0,-3,12.3,14.1,95.5,0.0,0.0144,0.38,0.0026,2,1,3,52.33
2025-05-10,토,KT,롯데,1.0,롯데,3.0,-3,12.3,14.1,95.5,0.0,0.0144,0.38,0.0026,2,1,3,83.56
2025-05-10,토,두산,NC,0.8507789473684211,두산,8.5,0,12.3,14.1,95.5,0.0,0.0144,0.38,0.0026,2,1,3,83.27
2025-05-11,일,키움,한화,0.9555661729574773,한화,0.0,-8,14.7,0.0,76.9,4.7,0.013,0.46,0.003,2,1,2,52.23
2025-05-11,일,SSG,KIA,1.0,SSG,8.0,4,14.7,0.0,76.9,4.7,0.013,0.46,0.003,2,1,2,35.6
2025-05-11,일,SSG,KIA,1.0,SSG,8.0,4,14.7,0.0,76.9,4.7,0.013,0.46,0.003,2,1,2,35.6
2025-05-11,일,SSG,KIA,1.0,SSG,8.0,4,14.7,0.0,76.9,4.7,0.013,0.46,0.003,2,1,2,35.6
2025-05-11,일,SSG,KIA,1.0,SSG,8.0,4,14.7,0.0,76.9,4.7,0.013,0.46,0.003,2,1,2,35.6
2025-05-11,일,삼성,LG,1.0,LG,1.0,-3,14.7,0.0,76.9,4.7,0.013,0.46,0.003,2,1,2,45.07
2025-05-11,일,KT,롯데,1.0,롯데,3.0,-5,14.7,0.0,76.9,4.7,0.013,0.46,0.003,2,1,2,59.14
2025-05-11,일,KT,롯데,1.0,KT,8.0,0,14.7,0.0,76.9,4.7,0.013,0.46,0.003,2,1,2,59.14
2025-05-11,일,KT,롯데,0.7737967914438503,롯데,3.0,-5,14.7,0.0,76.9,4.7,0.013,0.46,0.003,2,1,2,59.14
2025-05-11,일,KT,롯데,0.7737967914438503,KT,8.0,0,14.7,0.0,76.9,4.7,0.013,0.46,0.003,2,1,2,59.14
2025-05-11,일,두산,NC,0.8154105263157895,NC,7.5,-6,14.7,0.0,76.9,4.7,0.013,0.46,0.003,2,1,2,63.2
2025-05-11,일,두산,NC,0.8154105263157895,NC,7.5,-3,14.7,0.0,76.9,4.7,0.013,0.46,0.003,2,1,2,63.2
2025-05-11,일,두산,NC,0.3861894736842105,NC,7.5,-6,14.7,0.0,76.9,4.7,0.013,0.46,0.003,2,1,2,63.2
2025-05-11,일,두산,NC,0.3861894736842105,NC,7.5,-3,14.7,0.0,76.9,4.7,0.013,0.46,0.003,2,1,2,63.2
2025-05-13,화,삼성,KT,0.44825,삼성,7.0,2,19.9,0.0,47.4,9.0,0.0256,0.43,0.0035,2,1,1,31.91
2025-05-13,화,KIA,롯데,0.8206829268292682,KIA,8.0,3,19.9,0.0,47.4,9.0,0.0256,0.43,0.0035,2,1,1,11.49
2025-05-13,화,SSG,NC,0.5541739130434783,SSG,7.0,3,19.9,0.0,47.4,9.0,0.0256,0.43,0.0035,2,1,1,33.44
2025-05-13,화,한화,두산,0.849702604088569,두산,9.0,-1,19.9,0.0,47.4,9.0,0.0256,0.43,0.0035,2,1,1,36.4
2025-05-13,화,LG,키움,0.7612631578947369,LG,0.0,3,19.9,0.0,47.4,9.0,0.0256,0.43,0.0035,2,1,1,75.05
2025-05-14,수,삼성,KT,0.505,KT,8.0,-1,21.0,0.0,52.8,11.7,0.0214,0.42,0.0034,2,1,1,33.3
2025-05-14,수,KIA,롯데,0.9093170731707317,롯데,3.0,-4,21.0,0.0,52.8,11.7,0.0214,0.42,0.0034,2,1,1,12.69
2025-05-14,수,SSG,NC,0.4960434782608696,NC,7.5,-3,21.0,0.0,52.8,11.7,0.0214,0.42,0.0034,2,1,1,32.95
2025-05-14,수,한화,두산,0.849702604088569,두산,9.0,-6,21.0,0.0,52.8,11.7,0.0214,0.42,0.0034,2,1,1,35.77
2025-05-14,수,LG,키움,0.7699368421052631,LG,0.0,12,21.0,0.0,52.8,11.7,0.0214,0.42,0.0034,2,1,1,79.46
2025-05-15,목,삼성,KT,0.505,삼성,8.0,13,19.5,1.1,80.9,0.8,0.0158,0.35,0.0027,2,1,3,38.77
2025-05-15,목,KIA,롯데,0.8513170731707317,KIA,9.0,1,19.5,1.1,80.9,0.8,0.0158,0.35,0.0027,2,1,3,14.87
2025-05-15,목,SSG,NC,0.43830434782608696,SSG,8.0,4,19.5,1.1,80.9,0.8,0.0158,0.35,0.0027,2,1,3,39.06
2025-05-15,목,한화,두산,0.849702604088569,두산,9.0,-6,19.5,1.1,80.9,0.8,0.0158,0.35,0.0027,2,1,3,39.11
2025-05-15,목,LG,키움,0.7629052631578948,LG,0.0,4,19.5,1.1,80.9,0.8,0.0158,0.35,0.0027,2,1,3,85.13
2025-05-17,토,LG,KT,0.9668631578947369,KT,7.0,-8,18.3,2.2,86.4,6.0,0.0127,0.27,0.0029,2,1,2,83.27
2025-05-17,토,LG,KT,0.9668631578947369,KT,7.0,-1,18.3,2.2,86.4,6.0,0.0127,0.27,0.0029,2,1,2,83.27
2025-05-17,토,LG,KT,0.7499368421052631,KT,7.0,-8,18.3,2.2,86.4,6.0,0.0127,0.27,0.0029,2,1,2,83.27
2025-05-17,토,LG,KT,0.7499368421052631,KT,7.0,-1,18.3,2.2,86.4,6.0,0.0127,0.27,0.0029,2,1,2,83.27
2025-05-17,토,KIA,두산,0.8221463414634146,KIA,7.0,3,18.3,2.2,86.4,6.0,0.0127,0.27,0.0029,2,1,2,19.34
2025-05-17,토,KIA,두산,0.8221463414634146,KIA,7.0,3,18.3,2.2,86.4,6.0,0.0127,0.27,0.0029,2,1,2,19.34
2025-05-17,토,KIA,두산,1.0,KIA,7.0,3,18.3,2.2,86.4,6.0,0.0127,0.27,0.0029,2,1,2,19.34
2025-05-17,토,KIA,두산,1.0,KIA,7.0,3,18.3,2.2,86.4,6.0,0.0127,0.27,0.0029,2,1,2,19.34
2025-05-17,토,한화,SSG,0.849702604088569,한화,1.0,1,18.3,2.2,86.4,6.0,0.0127,0.27,0.0029,2,1,2,46.39
2025-05-17,토,한화,SSG,0.849702604088569,SSG,7.0,-3,18.3,2.2,86.4,6.0,0.0127,0.27,0.0029,2,1,2,46.39
2025-05-17,토,한화,SSG,0.849702604088569,한화,1.0,1,18.3,2.2,86.4,6.0,0.0127,0.27,0.0029,2,1,2,46.39
2025-05-17,토,한화,SSG,0.849702604088569,SSG,7.0,-3,18.3,2.2,86.4,6.0,0.0127,0.27,0.0029,2,1,2,46.39
2025-05-17,토,롯데,삼성,0.925265306122449,롯데,2.0,2,18.3,2.2,86.4,6.0,0.0127,0.27,0.0029,2,1,2,50.2
2025-05-17,토,롯데,삼성,0.925265306122449,롯데,2.0,1,18.3,2.2,86.4,6.0,0.0127,0.27,0.0029,2,1,2,50.2
2025-05-17,토,롯데,삼성,0.925265306122449,롯데,2.0,2,18.3,2.2,86.4,6.0,0.0127,0.27,0.0029,2,1,2,50.2
2025-05-17,토,롯데,삼성,0.925265306122449,롯데,2.0,1,18.3,2.2,86.4,6.0,0.0127,0.27,0.0029,2,1,2,50.2
2025-05-17,토,NC,키움,0.1038802460202605,NC,7.5,1,18.3,2.2,86.4,6.0,0.0127,0.27,0.0029,2,1,2,37.76
2025-05-17,토,NC,키움,0.1038802460202605,키움,16.5,-1,18.3,2.2,86.4,6.0,0.0127,0.27,0.0029,2,1,2,37.76
2025-05-17,토,NC,키움,0.24932163531114326,NC,7.5,1,18.3,2.2,86.4,6.0,0.0127,0.27,0.0029,2,1,2,37.76
2025-05-17,토,NC,키움,0.24932163531114326,키움,16.5,-1,18.3,2.2,86.4,6.0,0.0127,0.27,0.0029,2,1,2,37.76
2025-05-18,일,LG,KT,0.9696421052631579,LG,0.0,4,15.6,0.0,59.3,10.5,0.0091,0.29,0.0029,2,1,1,63.2
2025-05-18,일,KIA,두산,1.0,KIA,7.0,1,15.6,0.0,59.3,10.5,0.0091,0.29,0.0029,2,1,1,13.8
2025-05-18,일,한화,SSG,0.849702604088569,SSG,7.0,-4,15.6,0.0,59.3,10.5,0.0091,0.29,0.0029,2,1,1,32.8
2025-05-18,일,롯데,삼성,0.925265306122449,롯데,2.0,3,15.6,0.0,59.3,10.5,0.0091,0.29,0.0029,2,1,1,41.76
2025-05-18,일,NC,키움,0.29196816208393633,NC,7.5,5,15.6,0.0,59.3,10.5,0.0091,0.29,0.0029,2,1,1,30.84
2025-05-20,화,NC,한화,0.20337373371924747,한화,2.0,-3,22.2,1.0,85.5,3.0,0.0149,0.3,0.0028,2,1,2,27.46
2025-05-20,화,KT,KIA,0.8590374331550802,KT,8.0,2,22.2,1.0,85.5,3.0,0.0149,0.3,0.0028,2,1,2,38.91
2025-05-20,화,롯데,LG,0.925265306122449,LG,0.0,-8,22.2,1.0,85.5,3.0,0.0149,0.3,0.0028,2,1,2,32.74
2025-05-20,화,두산,SSG,0.7487157894736842,SSG,7.0,-2,22.2,1.0,85.5,3.0,0.0149,0.3,0.0028,2,1,2,75.05
2025-05-20,화,키움,삼성,0.7827281414237935,삼성,9.0,-3,22.2,1.0,85.5,3.0,0.0149,0.3,0.0028,2,1,2,50.78
2025-05-21,수,NC,한화,0.1891732995658466,NC,8.0,3,25.5,0.0,75.5,7.0,0.0105,0.27,0.0028,2,1,2,31.59
2025-05-21,수,KT,KIA,0.8717647058823529,KT,7.5,2,25.5,0.0,75.5,7.0,0.0105,0.27,0.0028,2,1,2,43.01
2025-05-21,수,롯데,LG,0.925265306122449,롯데,3.0,0,25.5,0.0,75.5,7.0,0.0105,0.27,0.0028,2,1,2,37.77
2025-05-21,수,두산,SSG,0.5916631578947369,SSG,6.5,-8,25.5,0.0,75.5,7.0,0.0105,0.27,0.0028,2,1,2,79.46
2025-05-21,수,키움,삼성,0.7879240324892499,삼성,8.5,-5,25.5,0.0,75.5,7.0,0.0105,0.27,0.0028,2,1,2,48.1
2025-05-22,목,NC,한화,0.22634768451519538,NC,7.0,1,23.9,0.8,68.0,6.1,0.0132,0.34,0.0029,2,1,2,35.05
2025-05-22,목,KT,KIA,0.8933155080213904,KIA,7.5,-5,23.9,0.8,68.0,6.1,0.0132,0.34,0.0029,2,1,2,52.23
2025-05-22,목,롯데,LG,0.925265306122449,롯데,2.0,7,23.9,0.8,68.0,6.1,0.0132,0.34,0.0029,2,1,2,43.98
2025-05-22,목,두산,SSG,0.6144,두산,10.5,1,23.9,0.8,68.0,6.1,0.0132,0.34,0.0029,2,1,2,85.13
2025-05-22,목,키움,삼성,0.771978021978022,삼성,7.5,-2,23.9,0.8,68.0,6.1,0.0132,0.34,0.0029,2,1,2,57.14
2025-05-23,금,삼성,KIA,1.0,KIA,7.5,-1,19.4,1.2,53.8,0.0,0.0165,0.35,0.0027,2,1,3,49.3
2025-05-23,금,키움,KT,0.25316531294792166,KT,7.5,-2,19.4,1.2,53.8,0.0,0.0165,0.35,0.0027,2,1,3,75.61
2025-05-23,금,SSG,LG,0.8760869565217392,LG,0.0,-1,19.4,1.2,53.8,0.0,0.0165,0.35,0.0027,2,1,3,44.45
2025-05-23,금,한화,롯데,0.849702604088569,한화,2.5,2,19.4,1.2,53.8,0.0,0.0165,0.35,0.0027,2,1,3,44.87
2025-05-23,금,두산,NC,0.7555368421052632,두산,11.0,0,19.4,1.2,53.8,0.0,0.0165,0.35,0.0027,2,1,3,91.82
2025-05-24,토,삼성,KIA,1.0,삼성,7.5,4,15.6,4.3,69.1,0.3,0.0104,0.27,0.0023,2,1,3,52.33
2025-05-24,토,키움,KT,0.43687290969899667,KT,6.5,-6,15.6,4.3,69.1,0.3,0.0104,0.27,0.0023,2,1,3,66.08
2025-05-24,토,SSG,LG,1.0,SSG,6.5,1,15.6,4.3,69.1,0.3,0.0104,0.27,0.0023,2,1,3,48.11
2025-05-24,토,한화,롯데,0.849702604088569,롯데,2.0,-2,15.6,4.3,69.1,0.3,0.0104,0.27,0.0023,2,1,3,46.39
2025-05-24,토,두산,NC,0.9380631578947368,NC,6.5,-4,15.6,4.3,69.1,0.3,0.0104,0.27,0.0023,2,1,3,83.27
2025-05-25,일,삼성,KIA,1.0,삼성,7.5,1,17.4,0.0,61.0,13.1,0.0114,0.29,0.0028,2,1,1,45.07
2025-05-25,일,키움,KT,0.40665312947921645,KT,6.5,-2,17.4,0.0,61.0,13.1,0.0114,0.29,0.0028,2,1,1,52.23
2025-05-25,일,SSG,LG,1.0,LG,0.0,-6,17.4,0.0,61.0,13.1,0.0114,0.29,0.0028,2,1,1,35.6
2025-05-25,일,한화,롯데,0.849702604088569,한화,2.5,1,17.4,0.0,61.0,13.1,0.0114,0.29,0.0028,2,1,1,32.8
2025-05-25,일,두산,NC,0.8645894736842106,두산,11.0,2,17.4,0.0,61.0,13.1,0.0114,0.29,0.0028,2,1,1,63.2
2025-05-27,화,LG,한화,1.0,LG,0.0,1,20.8,0.0,57.0,12.3,0.021,0.48,0.005,2,1,1,75.05
2025-05-27,화,삼성,롯데,1.0,삼성,7.5,4,20.8,0.0,57.0,12.3,0.021,0.48,0.005,2,1,1,31.91
2025-05-27,화,SSG,NC,0.5271304347826087,SSG,8.0,0,20.8,0.0,57.0,12.3,0.021,0.48,0.005,2,1,1,33.44
2025-05-27,화,KT,두산,0.44679144385026737,KT,6.5,1,20.8,0.0,57.0,12.3,0.021,0.48,0.005,2,1,1,38.91
2025-05-27,화,KIA,키움,0.7488292682926829,KIA,8.5,2,20.8,0.0,57.0,12.3,0.021,0.48,0.005,2,1,1,11.49
2025-05-28,수,LG,한화,1.0,한화,2.5,-1,20.8,0.0,62.0,8.4,0.0183,0.43,0.0043,2,1,1,79.46
2025-05-28,수,SSG,NC,0.5542173913043478,SSG,7.0,8,20.8,0.0,62.0,8.4,0.0183,0.43,0.0043,2,1,1,32.95
2025-05-28,수,KT,두산,0.4717647058823529,두산,11.0,-9,20.8,0.0,62.0,8.4,0.0183,0.43,0.0043,2,1,1,43.01
2025-05-28,수,KIA,키움,0.8057073170731708,KIA,7.5,6,20.8,0.0,62.0,8.4,0.0183,0.43,0.0043,2,1,1,12.69
2025-05-29,목,LG,한화,1.0,LG,0.0,2,21.2,0.0,58.4,11.7,0.0147,0.36,0.0033,2,1,1,85.13
2025-05-29,목,삼성,롯데,1.0,삼성,7.0,6,21.2,0.0,58.4,11.7,0.0147,0.36,0.0033,2,1,1,38.77
2025-05-29,목,SSG,NC,0.5854782608695652,SSG,7.0,1,21.2,0.0,58.4,11.7,0.0147,0.36,0.0033,2,1,1,39.06
2025-05-29,목,KT,두산,0.4940106951871658,KT,6.5,10,21.2,0.0,58.4,11.7,0.0147,0.36,0.0033,2,1,1,52.23
2025-05-29,목,KIA,키움,0.8842439024390244,KIA,8.0,0,21.2,0.0,58.4,11.7,0.0147,0.36,0.0033,2,1,1,14.87
2025-05-30,금,NC,한화,0.5605553545586107,한화,2.5,-6,22.2,0.0,55.0,12.1,0.0182,0.4,0.0033,2,1,1,36.86
2025-05-30,금,KT,KIA,1.0,KT,5.5,2,22.2,0.0,55.0,12.1,0.0182,0.4,0.0033,2,1,1,66.77
2025-05-30,금,키움,두산,0.5483755375059723,두산,11.0,-5,22.2,0.0,55.0,12.1,0.0182,0.4,0.0033,2,1,1,75.61
2025-05-30,금,롯데,SSG,0.925265306122449,롯데,3.5,1,22.2,0.0,55.0,12.1,0.0182,0.4,0.0033,2,1,1,47.34
2025-05-30,금,LG,삼성,1.0,삼성,6.0,-1,22.2,0.0,55.0,12.1,0.0182,0.4,0.0033,2,1,1,91.82
2025-05-31,토,NC,한화,0.7571002170767004,한화,1.5,-3,21.5,0.0,55.0,7.3,0.0167,0.38,0.0036,2,1,2,37.76
2025-05-31,토,KT,KIA,1.0,KT,4.5,4,21.5,0.0,55.0,7.3,0.0167,0.38,0.0036,2,1,2,83.56
2025-05-31,토,키움,두산,0.8036311514572384,키움,21.5,1,21.5,0.0,55.0,7.3,0.0167,0.38,0.0036,2,1,2,66.08
2025-05-31,토,롯데,SSG,0.925265306122449,SSG,6.0,-3,21.5,0.0,55.0,7.3,0.0167,0.38,0.0036,2,1,2,50.2
2025-05-31,토,LG,삼성,1.0,삼성,5.0,-2,21.5,0.0,55.0,7.3,0.0167,0.38,0.0036,2,1,2,83.27
2025-06-01,일,NC,한화,0.6741136034732272,NC,8.0,11,22.6,0.0,57.8,10.9,0.0163,0.42,0.0038,2,1,1,26.39
2025-06-01,일,KT,KIA,1.0,KIA,7.0,-2,22.6,0.0,57.8,10.9,0.0163,0.42,0.0038,2,1,1,48.1
2025-06-01,일,키움,두산,0.7375776397515528,키움,20.5,1,22.6,0.0,57.8,10.9,0.0163,0.42,0.0038,2,1,1,42.95
2025-06-01,일,롯데,SSG,0.925265306122449,SSG,5.0,-1,22.6,0.0,57.8,10.9,0.0163,0.42,0.0038,2,1,1,33.78
2025-06-01,일,LG,삼성,1.0,삼성,4.0,-2,22.6,0.0,57.8,10.9,0.0163,0.42,0.0038,2,1,1,50.6
2025-06-03,화,두산,KIA,1.0,KIA,7.0,-8,20.9,0.0,56.9,11.9,0.0113,0.33,0.0032,2,1,1,75.11
2025-06-03,화,한화,KT,0.849702604088569,한화,1.5,9,20.9,0.0,56.9,11.9,0.0113,0.33,0.0032,2,1,1,36.87
2025-06-03,화,NC,LG,0.6302912445730825,LG,0.0,-15,20.9,0.0,56.9,11.9,0.0113,0.33,0.0032,2,1,1,29.37
2025-06-03,화,SSG,삼성,1.0,SSG,5.0,2,20.9,0.0,56.9,11.9,0.0113,0.33,0.0032,2,1,1,33.72
2025-06-03,화,롯데,키움,0.925265306122449,롯데,3.5,8,20.9,0.0,56.9,11.9,0.0113,0.33,0.0032,2,1,1,33.1
2025-06-04,수,두산,KIA,1.0,KIA,6.0,-5,20.5,0.0,55.3,12.1,0.0119,0.27,0.0032,2,1,1,79.53
2025-06-04,수,한화,KT,0.849702604088569,한화,0.5,1,20.5,0.0,55.3,12.1,0.0119,0.27,0.0032,2,1,1,36.22
2025-06-04,수,NC,LG,0.23674927641099855,NC,8.0,1,20.5,0.0,55.3,12.1,0.0119,0.27,0.0032,2,1,1,33.79
2025-06-04,수,SSG,삼성,0.6828695652173913,SSG,4.0,3,20.5,0.0,55.3,12.1,0.0119,0.27,0.0032,2,1,1,33.24
2025-06-04,수,롯데,키움,0.925265306122449,키움,20.5,-3,20.5,0.0,55.3,12.1,0.0119,0.27,0.0032,2,1,1,38.2
2025-06-05,목,두산,KIA,1.0,두산,12.0,1,21.7,0.0,49.8,12.5,0.0177,0.31,0.0034,2,1,1,106.5
2025-06-05,목,한화,KT,0.849702604088569,KT,5.5,-7,21.7,0.0,49.8,12.5,0.0177,0.31,0.0034,2,1,1,49.51
2025-06-05,목,NC,LG,0.4050741678726483,LG,0.0,-2,21.7,0.0,49.8,12.5,0.0177,0.31,0.0034,2,1,1,46.87
2025-06-05,목,SSG,삼성,0.8379565217391305,삼성,5.0,-2,21.7,0.0,49.8,12.5,0.0177,0.31,0.0034,2,1,1,49.25
2025-06-05,목,롯데,키움,0.925265306122449,키움,20.5,-5,21.7,0.0,49.8,12.5,0.0177,0.31,0.0034,2,1,1,55.6
2025-06-06,금,KIA,한화,1.0,KIA,6.0,1,24.1,0.0,42.6,12.0,0.0166,0.36,0.0036,2,1,1,20.31
2025-06-06,금,키움,LG,0.9555661729574773,키움,19.5,1,24.1,0.0,42.6,12.0,0.0166,0.36,0.0036,2,1,1,97.14
2025-06-06,금,두산,롯데,1.0,두산,11.0,3,24.1,0.0,42.6,12.0,0.0166,0.36,0.0036,2,1,1,114.87
2025-06-06,금,삼성,NC,1.0,삼성,4.0,4,24.1,0.0,42.6,12.0,0.0166,0.36,0.0036,2,1,1,64.46
2025-06-06,금,KT,SSG,1.0,KT,4.5,7,24.1,0.0,42.6,12.0,0.0166,0.36,0.0036,2,1,1,84.85
2025-06-07,토,KIA,한화,1.0,한화,0.5,-1,23.7,0.1,61.4,4.6,0.0111,0.36,0.0032,2,1,2,22.46
2025-06-07,토,키움,LG,0.9555661729574773,키움,18.5,3,23.7,0.1,61.4,4.6,0.0111,0.36,0.0032,2,1,2,84.91
2025-06-07,토,두산,롯데,1.0,롯데,3.5,-5,23.7,0.1,61.4,4.6,0.0111,0.36,0.0032,2,1,2,104.18
2025-06-07,토,삼성,NC,1.0,NC,8.0,-4,23.7,0.1,61.4,4.6,0.0111,0.36,0.0032,2,1,2,68.42
2025-06-07,토,KT,SSG,0.8959893048128342,KT,3.5,1,23.7,0.1,61.4,4.6,0.0111,0.36,0.0032,2,1,2,106.19
2025-06-08,일,KIA,한화,0.9066341463414634,KIA,6.0,1,25.1,0.6,69.3,7.4,0.0089,0.29,0.0027,2,1,2,10.26
2025-06-08,일,키움,LG,0.9555661729574773,LG,0.0,-5,25.1,0.6,69.3,7.4,0.0089,0.29,0.0027,2,1,2,42.95
2025-06-08,일,두산,롯데,1.0,롯데,3.5,-2,25.1,0.6,69.3,7.4,0.0089,0.29,0.0027,2,1,2,50.6
2025-06-08,일,삼성,NC,1.0,삼성,4.0,1,25.1,0.6,69.3,7.4,0.0089,0.29,0.0027,2,1,2,37.72
2025-06-08,일,KT,SSG,0.6965775401069518,SSG,5.0,-1,25.1,0.6,69.3,7.4,0.0089,0.29,0.0027,2,1,2,48.1
2025-06-10,화,KT,롯데,0.5780213903743315,KT,3.5,9,21.7,0.0,71.6,4.1,0.015,0.31,0.0028,2,1,2,39.56
2025-06-10,화,키움,NC,0.2391304347826087,키움,19.0,0,21.7,0.0,71.6,4.1,0.015,0.31,0.0028,2,1,2,52.19
2025-06-10,화,한화,두산,0.8342580096966062,한화,0.5,4,21.7,0.0,71.6,4.1,0.015,0.31,0.0028,2,1,2,36.87
2025-06-10,화,LG,SSG,0.7250947368421052,SSG,4.0,-4,21.7,0.0,71.6,4.1,0.015,0.31,0.0028,2,1,2,75.11
2025-06-10,화,KIA,삼성,0.7749756097560976,삼성,3.0,-8,21.7,0.0,71.6,4.1,0.015,0.31,0.0028,2,1,2,10.67
2025-06-11,수,KT,롯데,0.6297860962566845,롯데,3.5,-1,22.7,0.0,54.6,13.5,0.0153,0.33,0.0034,2,1,1,43.73
2025-06-11,수,키움,NC,0.24092212135690397,NC,8.5,-6,22.7,0.0,54.6,13.5,0.0153,0.33,0.0034,2,1,1,49.45
2025-06-11,수,한화,두산,0.849702604088569,한화,0.5,8,22.7,0.0,54.6,13.5,0.0153,0.33,0.0034,2,1,1,36.22
2025-06-11,수,LG,SSG,0.7659789473684211,LG,0.0,2,22.7,0.0,54.6,13.5,0.0153,0.33,0.0034,2,1,1,79.53
2025-06-11,수,KIA,삼성,0.8448780487804878,KIA,6.0,3,22.7,0.0,54.6,13.5,0.0153,0.33,0.0034,2,1,1,11.78
2025-06-12,목,KT,롯데,0.6619251336898395,롯데,3.5,-5,25.5,0.0,50.4,12.4,0.0198,0.42,0.0042,2,1,1,66.37
2025-06-12,목,키움,NC,0.2633779264214047,NC,8.5,-2,25.5,0.0,50.4,12.4,0.0198,0.42,0.0042,2,1,1,73.42
2025-06-12,목,한화,두산,0.849702604088569,한화,0.5,1,25.5,0.0,50.4,12.4,0.0198,0.42,0.0042,2,1,1,49.51
2025-06-12,목,LG,SSG,0.7714105263157894,LG,0.0,2,25.5,0.0,50.4,12.4,0.0198,0.42,0.0042,2,1,1,106.5
2025-06-12,목,KIA,삼성,0.8176097560975609,삼성,4.0,-1,25.5,0.0,50.4,12.4,0.0198,0.42,0.0042,2,1,1,17.27
2025-06-13,금,NC,KIA,0.3781657018813314,NC,8.0,3,24.0,1.5,60.9,3.8,0.0244,0.44,0.0049,2,1,3,49.28
2025-06-14,토,NC,KIA,0.6783646888567294,KIA,7.0,-1,25.6,0.0,66.3,5.9,0.0151,0.3,0.0036,2,1,1,50.49
2025-06-14,토,삼성,KT,1.0,KT,5.0,-7,25.6,0.0,66.3,5.9,0.0151,0.3,0.0036,2,1,1,68.42
2025-06-14,토,한화,LG,0.849702604088569,한화,0.5,0,25.6,0.0,66.3,5.9,0.0151,0.3,0.0036,2,1,1,58.73
2025-06-14,토,SSG,롯데,1.0,롯데,3.0,-2,25.6,0.0,66.3,5.9,0.0151,0.3,0.0036,2,1,1,60.65
2025-06-14,토,두산,키움,0.7743157894736842,두산,13.5,3,25.6,0.0,66.3,5.9,0.0151,0.3,0.0036,2,1,1,104.18
2025-06-15,일,NC,KIA,0.5639471780028944,KIA,6.5,-2,26.3,11.8,69.6,7.8,0.0139,0.31,0.0038,2,1,2,26.39
2025-06-15,일,삼성,KT,1.0,KT,4.5,-12,26.3,11.8,69.6,7.8,0.0139,0.31,0.0038,2,1,2,37.72
2025-06-15,일,한화,LG,0.849702604088569,한화,0.0,5,26.3,11.8,69.6,7.8,0.0139,0.31,0.0038,2,1,2,26.58
2025-06-15,일,SSG,롯데,0.9113043478260869,SSG,6.0,1,26.3,11.8,69.6,7.8,0.0139,0.31,0.0038,2,1,2,28.72
2025-06-15,일,두산,키움,0.4944842105263158,두산,13.0,1,26.3,11.8,69.6,7.8,0.0139,0.31,0.0038,2,1,2,50.6
2025-06-17,화,롯데,한화,0.925265306122449,한화,0.0,-6,24.8,0.0,73.3,8.6,0.0139,0.35,0.0033,2,1,1,33.1
2025-06-17,화,KIA,KT,0.5168780487804878,KIA,6.5,7,24.8,0.0,73.3,8.6,0.0139,0.35,0.0033,2,1,1,10.67
2025-06-17,화,LG,NC,0.6344842105263158,NC,9.0,-4,24.8,0.0,73.3,8.6,0.0139,0.35,0.0033,2,1,1,75.11
2025-06-17,화,삼성,두산,0.9601666666666666,삼성,5.0,11,24.8,0.0,73.3,8.6,0.0139,0.35,0.0033,2,1,1,33.38
2025-06-17,화,키움,SSG,0.3705805064500717,SSG,6.0,-10,24.8,0.0,73.3,8.6,0.0139,0.35,0.0033,2,1,1,52.19
2025-06-18,수,롯데,한화,0.925265306122449,롯데,3.5,3,25.5,0.0,65.3,10.3,0.018,0.41,0.0039,2,1,1,38.2
2025-06-18,수,KIA,KT,0.7956585365853659,KIA,5.5,2,25.5,0.0,65.3,10.3,0.018,0.41,0.0039,2,1,1,11.78
2025-06-18,수,LG,NC,0.678021052631579,LG,0.5,1,25.5,0.0,65.3,10.3,0.018,0.41,0.0039,2,1,1,79.53
2025-06-18,수,삼성,두산,0.974375,삼성,4.0,3,25.5,0.0,65.3,10.3,0.018,0.41,0.0039,2,1,1,34.84
2025-06-18,수,키움,SSG,0.41453655040611564,키움,22.0,1,25.5,0.0,65.3,10.3,0.018,0.41,0.0039,2,1,1,49.45
2025-06-19,목,롯데,한화,0.925265306122449,롯데,2.5,1,28.1,0.8,57.9,8.8,0.0233,0.43,0.0034,2,1,2,55.6
2025-06-19,목,KIA,KT,0.6867804878048781,KIA,4.5,5,28.1,0.8,57.9,8.8,0.0233,0.43,0.0034,2,1,2,17.27
2025-06-19,목,LG,NC,0.6583578947368421,NC,8.0,-3,28.1,0.8,57.9,8.8,0.0233,0.43,0.0034,2,1,2,106.5
2025-06-19,목,삼성,두산,0.973125,두산,13.0,-1,28.1,0.8,57.9,8.8,0.0233,0.43,0.0034,2,1,2,50.69
2025-06-19,목,키움,SSG,0.41997133301481127,SSG,5.0,-2,28.1,0.8,57.9,8.8,0.0233,0.43,0.0034,2,1,2,73.42
2025-06-20,금,롯데,삼성,0.8943265306122449,롯데,2.0,2,24.1,51.1,93.4,0.0,0.0101,0.25,0.0023,1,1,3,59.84
2025-06-21,토,SSG,KIA,1.0,SSG,5.0,0,22.0,0.2,88.1,0.0,0.0109,0.28,0.0024,1,1,3,60.65
2025-06-21,토,KT,NC,0.7315508021390374,KT,5.0,2,22.0,0.2,88.1,0.0,0.0109,0.28,0.0024,1,1,3,106.19
2025-06-21,토,LG,두산,1.0,두산,12.5,-1,22.0,0.2,88.1,0.0,0.0109,0.28,0.0024,1,1,3,104.18
2025-06-22,일,SSG,KIA,1.0,KIA,4.5,-1,23.3,0.0,68.6,13.4,0.0109,0.35,0.003,2,1,1,28.72
2025-06-22,일,KT,NC,0.6448663101604278,NC,8.5,-2,23.3,0.0,68.6,13.4,0.0109,0.35,0.003,2,1,1,48.1
2025-06-22,일,LG,두산,1.0,LG,1.0,8,23.3,0.0,68.6,13.4,0.0109,0.35,0.003,2,1,1,50.6
2025-06-22,일,롯데,삼성,0.925265306122449,롯데,2.0,3,23.3,0.0,68.6,13.4,0.0109,0.35,0.003,2,1,1,33.78
2025-06-22,일,한화,키움,0.849702604088569,한화,0.0,6,23.3,0.0,68.6,13.4,0.0109,0.35,0.003,2,1,1,26.58
2025-06-24,화,키움,KIA,0.9555661729574773,키움,22.5,3,25.0,2.3,63.4,0.2,0.0181,0.34,0.0025,2,1,3,52.19
2025-06-24,화,KT,LG,0.49919786096256685,KT,5.5,5,25.0,2.3,63.4,0.2,0.0181,0.34,0.0025,2,1,3,39.56
2025-06-24,화,두산,SSG,0.5112,두산,13.0,5,25.0,2.3,63.4,0.2,0.0181,0.34,0.0025,2,1,3,75.11
2025-06-25,수,삼성,한화,1.0,삼성,4.5,5,20.9,8.0,88.9,0.0,0.0138,0.3,0.0024,2,1,3,34.84
2025-06-25,수,키움,KIA,0.9555661729574773,KIA,4.0,-3,20.9,8.0,88.9,0.0,0.0138,0.3,0.0024,2,1,3,49.45
2025-06-25,수,NC,롯데,0.7049113603473227,NC,7.5,5,20.9,8.0,88.9,0.0,0.0138,0.3,0.0024,2,1,3,33.79
2025-06-26,목,삼성,한화,1.0,한화,0.0,-2,22.2,1.1,85.3,0.1,0.0156,0.34,0.0026,2,1,3,50.69
2025-06-26,목,키움,KIA,0.9555661729574773,키움,23.0,0,22.2,1.1,85.3,0.1,0.0156,0.34,0.0026,2,1,3,73.42
2025-06-26,목,KT,LG,0.7147058823529412,LG,1.0,-1,22.2,1.1,85.3,0.1,0.0156,0.34,0.0026,2,1,3,66.37
2025-06-26,목,NC,롯데,0.7387391461649783,롯데,2.0,-1,22.2,1.1,85.3,0.1,0.0156,0.34,0.0026,2,1,3,46.87
2025-06-26,목,두산,SSG,0.5706526315789474,SSG,6.0,-3,22.2,1.1,85.3,0.1,0.0156,0.34,0.0026,2,1,3,106.5
2025-06-27,금,SSG,한화,1.0,SSG,5.0,2,25.0,0.0,78.1,3.1,0.023,0.46,0.0029,2,1,3,56.04
2025-06-27,금,LG,KIA,1.0,LG,0.0,1,25.0,0.0,78.1,3.1,0.023,0.46,0.0029,2,1,3,114.87
2025-06-27,금,롯데,KT,0.925265306122449,KT,5.0,-3,25.0,0.0,78.1,3.1,0.023,0.46,0.0029,2,1,3,59.84
2025-06-27,금,NC,두산,0.3629251085383502,NC,7.5,1,25.0,0.0,78.1,3.1,0.023,0.46,0.0029,2,1,3,49.28
2025-06-27,금,키움,삼성,0.9555661729574773,키움,22.0,1,25.0,0.0,78.1,3.1,0.023,0.46,0.0029,2,1,3,97.14
2025-06-28,토,SSG,한화,1.0079565217391304,한화,0.0,-3,26.2,0.6,85.0,0.0,0.02,0.41,0.003,1,1,3,60.65
2025-06-28,토,LG,KIA,1.0,KIA,4.5,-1,26.2,0.6,85.0,0.0,0.02,0.41,0.003,1,1,3,104.18
2025-06-28,토,롯데,KT,0.925265306122449,KT,5.0,-4,26.2,0.6,85.0,0.0,0.02,0.41,0.003,1,1,3,63.45
2025-06-28,토,NC,두산,0.5861523154848046,NC,7.5,2,26.2,0.6,85.0,0.0,0.02,0.41,0.003,1,1,3,50.49
2025-06-28,토,키움,삼성,0.9555661729574773,키움,22.0,9,26.2,0.6,85.0,0.0,0.02,0.41,0.003,1,1,3,84.91
2025-06-29,일,SSG,한화,1.0,SSG,5.0,2,27.1,0.0,77.1,2.5,0.0086,0.25,0.0026,1,1,2,28.72
2025-06-29,일,LG,KIA,1.0,KIA,3.5,-10,27.1,0.0,77.1,2.5,0.0086,0.25,0.0026,1,1,2,50.6
2025-06-29,일,롯데,KT,0.925265306122449,롯데,2.0,5,27.1,0.0,77.1,2.5,0.0086,0.25,0.0026,1,1,2,33.78
2025-06-29,일,NC,두산,0.4474493487698987,두산,13.5,-4,27.1,0.0,77.1,2.5,0.0086,0.25,0.0026,1,1,2,26.39
2025-06-29,일,키움,삼성,0.9555661729574773,키움,21.0,3,27.1,0.0,77.1,2.5,0.0086,0.25,0.0026,1,1,2,42.95
2025-07-01,화,롯데,LG,0.8011020408163265,LG,1.0,-1,28.6,0.9,78.6,3.8,0.0098,0.19,0.0026,1,1,2,28.79
2025-07-01,화,한화,NC,0.849702604088569,한화,0.0,4,28.6,0.9,78.6,3.8,0.0098,0.19,0.0026,1,1,2,33.68
2025-07-01,화,KIA,SSG,0.5747317073170731,KIA,3.5,1,28.6,0.9,78.6,3.8,0.0098,0.19,0.0026,1,1,2,9.91
2025-07-01,화,두산,삼성,0.758821052631579,삼성,6.5,-3,28.6,0.9,78.6,3.8,0.0098,0.19,0.0026,1,1,2,65.34
2025-07-01,화,KT,키움,0.30032085561497324,키움,21.0,-4,28.6,0.9,78.6,3.8,0.0098,0.19,0.0026,1,1,2,29.45
2025-07-02,수,롯데,LG,0.8433061224489796,롯데,2.0,3,28.6,0.0,76.3,2.3,0.0104,0.2,0.0026,1,1,2,33.22
2025-07-02,수,한화,NC,0.849702604088569,NC,7.5,-2,28.6,0.0,76.3,2.3,0.0104,0.2,0.0026,1,1,2,33.09
2025-07-02,수,KIA,SSG,0.5769268292682926,SSG,5.0,-3,28.6,0.0,76.3,2.3,0.0104,0.2,0.0026,1,1,2,10.94
2025-07-02,수,두산,삼성,0.8609684210526316,두산,13.5,5,28.6,0.0,76.3,2.3,0.0104,0.2,0.0026,1,1,2,69.19
2025-07-02,수,KT,키움,0.3629411764705882,KT,5.0,2,28.6,0.0,76.3,2.3,0.0104,0.2,0.0026,1,1,2,32.55
2025-07-03,목,롯데,LG,0.8944489795918368,롯데,1.5,2,28.3,0.0,75.5,2.7,0.0114,0.25,0.0027,1,1,2,48.35
2025-07-03,목,한화,NC,0.849702604088569,한화,0.0,0,28.3,0.0,75.5,2.7,0.0114,0.25,0.0027,1,1,2,45.23
2025-07-03,목,KIA,SSG,0.6347804878048781,KIA,3.0,1,28.3,0.0,75.5,2.7,0.0114,0.25,0.0027,1,1,2,16.03
2025-07-03,목,두산,삼성,0.9063157894736842,삼성,6.0,-2,28.3,0.0,75.5,2.7,0.0114,0.25,0.0027,1,1,2,92.65
2025-07-03,목,KT,키움,0.4566844919786096,KT,4.5,4,28.3,0.0,75.5,2.7,0.0114,0.25,0.0027,1,1,2,49.41
2025-07-04,금,키움,한화,0.9555661729574773,한화,0.0,-1,27.2,0.0,77.0,0.8,0.0118,0.3,0.0026,2,1,3,100.15
2025-07-04,금,두산,KT,0.6779368421052632,KT,4.5,-3,27.2,0.0,77.0,0.8,0.0118,0.3,0.0026,2,1,3,124.92
2025-07-04,금,삼성,LG,1.0,삼성,6.0,3,27.2,0.0,77.0,0.8,0.0118,0.3,0.0026,2,1,3,71.77
2025-07-04,금,KIA,롯데,1.0,KIA,3.0,2,27.2,0.0,77.0,0.8,0.0118,0.3,0.0026,2,1,3,23.56
2025-07-04,금,NC,SSG,0.5041154124457308,SSG,5.5,-4,27.2,0.0,77.0,0.8,0.0118,0.3,0.0026,2,1,3,57.12
2025-07-05,토,키움,한화,0.9555661729574773,한화,0.0,-2,28.4,0.0,72.9,3.0,0.0093,0.23,0.0025,2,1,3,87.54
2025-07-05,토,두산,KT,0.8325894736842105,두산,15.0,4,28.4,0.0,72.9,3.0,0.0093,0.23,0.0025,2,1,3,113.29
2025-07-05,토,삼성,LG,1.0,삼성,6.0,1,28.4,0.0,72.9,3.0,0.0093,0.23,0.0025,2,1,3,76.19
2025-07-05,토,KIA,롯데,1.0,KIA,3.0,13,28.4,0.0,72.9,3.0,0.0093,0.23,0.0025,2,1,3,26.06
2025-07-05,토,NC,SSG,0.543958031837916,SSG,5.5,-5,28.4,0.0,72.9,3.0,0.0093,0.23,0.0025,2,1,3,58.52
2025-07-06,일,키움,한화,0.9555661729574773,한화,0.0,-9,29.1,0.0,74.3,1.7,0.0089,0.25,0.0027,2,1,3,55.35
2025-07-06,일,두산,KT,1.0,두산,15.0,1,29.1,0.0,74.3,1.7,0.0089,0.25,0.0027,2,1,3,68.78
2025-07-06,일,삼성,LG,1.0,LG,3.5,-2,29.1,0.0,74.3,1.7,0.0089,0.25,0.0027,2,1,3,52.5
2025-07-06,일,KIA,롯데,1.0,롯데,3.5,-3,29.1,0.0,74.3,1.7,0.0089,0.25,0.0027,2,1,3,14.88
2025-07-06,일,NC,SSG,0.3494030390738061,NC,9.5,1,29.1,0.0,74.3,1.7,0.0089,0.25,0.0027,2,1,3,38.24
2025-07-08,화,한화,KIA,0.849702604088569,한화,0.0,6,31.3,11.8,72.5,8.4,0.0175,0.42,0.003,2,1,1,33.68
2025-07-08,화,SSG,KT,0.47008695652173915,SSG,6.5,6,31.3,11.8,72.5,8.4,0.0175,0.42,0.003,2,1,1,29.1
2025-07-08,화,롯데,두산,0.7567755102040816,두산,15.0,-3,31.3,11.8,72.5,8.4,0.0175,0.42,0.003,2,1,1,28.79
2025-07-08,화,NC,삼성,0.3750904486251809,NC,9.5,1,31.3,11.8,72.5,8.4,0.0175,0.42,0.003,2,1,1,27.23
2025-07-08,화,LG,키움,0.6778105263157894,LG,3.5,1,31.3,11.8,72.5,8.4,0.0175,0.42,0.003,2,1,1,65.34
2025-07-09,수,한화,KIA,0.849702604088569,한화,0.0,3,31.9,0.0,61.1,8.0,0.0168,0.38,0.0029,2,1,1,33.09
2025-07-09,수,SSG,KT,0.44604347826086954,KT,7.5,-7,31.9,0.0,61.1,8.0,0.0168,0.38,0.0029,2,1,1,28.68
2025-07-09,수,롯데,두산,0.7784081632653062,롯데,4.5,1,31.9,0.0,61.1,8.0,0.0168,0.38,0.0029,2,1,1,33.22
2025-07-09,수,NC,삼성,0.41696816208393633,NC,9.5,3,31.9,0.0,61.1,8.0,0.0168,0.38,0.0029,2,1,1,31.34
2025-07-09,수,LG,키움,0.6905263157894737,LG,3.5,6,31.9,0.0,61.1,8.0,0.0168,0.38,0.0029,2,1,1,69.19
2025-07-10,목,한화,KIA,0.849702604088569,한화,0.0,1,31.4,0.0,46.6,13.3,0.0131,0.28,0.0026,2,1,1,45.23
2025-07-10,목,SSG,KT,0.47030434782608693,KT,7.5,-2,31.4,0.0,46.6,13.3,0.0131,0.28,0.0026,2,1,1,42.5
2025-07-10,목,롯데,두산,0.865265306122449,두산,16.0,-9,31.4,0.0,46.6,13.3,0.0131,0.28,0.0026,2,1,1,48.35
2025-07-10,목,NC,삼성,0.4570369030390738,NC,9.5,2,31.4,0.0,46.6,13.3,0.0131,0.28,0.0026,2,1,1,43.46
2025-07-10,목,LG,키움,0.7001263157894737,키움,26.5,-1,31.4,0.0,46.6,13.3,0.0131,0.28,0.0026,2,1,1,92.65
2025-07-18,금,KT,한화,1.0,한화,0.0,-5,24.7,16.1,89.5,0.3,0.0208,0.38,0.0027,2,1,3,78.96
2025-07-18,금,LG,롯데,1.0,LG,4.5,1,24.7,16.1,89.5,0.3,0.0208,0.38,0.0027,2,1,3,124.92
2025-07-19,토,KT,한화,1.0,한화,0.0,-1,23.9,84.0,95.4,0.0,0.0183,0.29,0.0027,2,1,3,98.83
2025-07-19,토,LG,롯데,1.0,롯데,6.5,-5,23.9,84.0,95.4,0.0,0.0183,0.29,0.0027,2,1,3,113.29
2025-07-19,토,SSG,두산,0.8642173913043478,두산,16.5,-5,23.9,84.0,95.4,0.0,0.0183,0.29,0.0027,2,1,3,65.43
2025-07-20,일,KT,한화,1.0,한화,0.0,-10,27.7,14.8,82.8,5.7,0.0085,0.23,0.0028,1,1,2,55.95
2025-07-20,일,LG,롯데,1.0,LG,5.5,1,27.7,14.8,82.8,5.7,0.0085,0.23,0.0028,1,1,2,68.78
2025-07-20,일,KIA,NC,0.8285365853658536,KIA,8.0,1,27.7,14.8,82.8,5.7,0.0085,0.23,0.0028,1,1,2,14.88
2025-07-20,일,SSG,두산,0.7870434782608695,두산,16.5,-1,27.7,14.8,82.8,5.7,0.0085,0.23,0.0028,1,1,2,38.73
2025-07-20,일,삼성,키움,1.0,삼성,11.0,5,27.7,14.8,82.8,5.7,0.0085,0.23,0.0028,1,1,2,52.5
2025-07-22,화,두산,한화,1.0,한화,0.0,-1,28.8,0.1,75.6,6.6,0.0093,0.18,0.003,1,1,2,65.34
2025-07-22,화,NC,KT,0.2850036179450072,KT,10.5,-7,28.8,0.1,75.6,6.6,0.0093,0.18,0.003,1,1,2,27.23
2025-07-22,화,KIA,LG,0.6081951219512195,LG,5.5,-2,28.8,0.1,75.6,6.6,0.0093,0.18,0.003,1,1,2,9.91
2025-07-22,화,키움,롯데,0.917462971810798,키움,28.5,3,28.8,0.1,75.6,6.6,0.0093,0.18,0.003,1,1,2,43.05
2025-07-22,화,삼성,SSG,0.954,삼성,11.0,2,28.8,0.1,75.6,6.6,0.0093,0.18,0.003,1,1,2,29.73
2025-07-23,수,두산,한화,1.0,두산,16.5,11,28.9,0.0,70.4,7.9,0.0102,0.2,0.0027,1,1,2,69.19
2025-07-23,수,NC,KT,0.28830499276411,KT,9.5,-7,28.9,0.0,70.4,7.9,0.0102,0.2,0.0027,1,1,2,31.34
2025-07-23,수,KIA,LG,0.5937560975609756,LG,4.5,-1,28.9,0.0,70.4,7.9,0.0102,0.2,0.0027,1,1,2,10.94
2025-07-23,수,키움,롯데,0.9152532250358337,롯데,7.5,-3,28.9,0.0,70.4,7.9,0.0102,0.2,0.0027,1,1,2,40.78
2025-07-23,수,삼성,SSG,0.971,삼성,10.0,9,28.9,0.0,70.4,7.9,0.0102,0.2,0.0027,1,1,2,31.03
2025-07-24,목,두산,한화,1.0,두산,16.5,0,29.8,0.0,68.0,9.2,0.0121,0.25,0.0028,2,1,2,92.65
2025-07-24,목,NC,KT,0.23322178002894356,KT,9.0,-1,29.8,0.0,68.0,9.2,0.0121,0.25,0.0028,2,1,2,43.46
2025-07-24,목,KIA,LG,0.6031219512195122,LG,4.0,-8,29.8,0.0,68.0,9.2,0.0121,0.25,0.0028,2,1,2,16.03
2025-07-24,목,키움,롯데,0.9087434304825609,롯데,7.0,-4,29.8,0.0,68.0,9.2,0.0121,0.25,0.0028,2,1,2,60.56
2025-07-24,목,삼성,SSG,1.0,SSG,11.5,-2,29.8,0.0,68.0,9.2,0.0121,0.25,0.0028,2,1,2,45.16
2025-07-25,금,롯데,KIA,0.925265306122449,롯데,7.0,3,31.1,0.0,64.6,12.4,0.0143,0.29,0.0028,2,1,1,65.05
2025-07-25,금,두산,LG,0.8424,LG,4.0,-1,31.1,0.0,64.6,12.4,0.0143,0.29,0.0028,2,1,1,124.92
2025-07-25,금,한화,SSG,0.849702604088569,한화,0.0,4,31.1,0.0,64.6,12.4,0.0143,0.29,0.0028,2,1,1,64.87
2025-07-25,금,KT,삼성,1.0,KT,9.0,3,31.1,0.0,64.6,12.4,0.0143,0.29,0.0028,2,1,1,78.96
2025-07-25,금,NC,키움,0.27907923299565845,NC,13.0,9,31.1,0.0,64.6,12.4,0.0143,0.29,0.0028,2,1,1,57.12
2025-07-26,토,롯데,KIA,0.925265306122449,롯데,6.0,5,32.3,0.0,61.9,11.0,0.017,0.29,0.0029,2,1,1,68.97
2025-07-26,토,두산,LG,1.0,LG,3.0,-1,32.3,0.0,61.9,11.0,0.017,0.29,0.0029,2,1,1,113.29
2025-07-26,토,한화,SSG,0.849702604088569,SSG,11.5,-6,32.3,0.0,61.9,11.0,0.017,0.29,0.0029,2,1,1,67.07
2025-07-26,토,KT,삼성,1.0,삼성,10.5,-11,32.3,0.0,61.9,11.0,0.017,0.29,0.0029,2,1,1,98.83
2025-07-26,토,NC,키움,0.4834479015918958,NC,12.0,2,32.3,0.0,61.9,11.0,0.017,0.29,0.0029,2,1,1,58.52
2025-07-27,일,롯데,KIA,0.925265306122449,롯데,5.0,2,32.8,0.0,62.4,12.5,0.0106,0.25,0.0028,2,1,1,45.91
2025-07-27,일,두산,LG,0.8749473684210526,두산,16.5,3,32.8,0.0,62.4,12.5,0.0106,0.25,0.0028,2,1,1,68.78
2025-07-27,일,한화,SSG,0.849702604088569,SSG,10.5,-1,32.8,0.0,62.4,12.5,0.0106,0.25,0.0028,2,1,1,37.94
2025-07-27,일,KT,삼성,1.0,KT,8.0,1,32.8,0.0,62.4,12.5,0.0106,0.25,0.0028,2,1,1,55.95
2025-07-27,일,NC,키움,0.3669952966714906,NC,11.0,8,32.8,0.0,62.4,12.5,0.0106,0.25,0.0028,2,1,1,38.24
2025-07-29,화,LG,KT,0.7281684210526316,LG,2.0,6,32.0,0.0,64.0,8.9,0.0137,0.36,0.003,2,1,1,65.34
2025-07-29,화,롯데,NC,0.925265306122449,롯데,4.0,2,32.0,0.0,64.0,8.9,0.0137,0.36,0.003,2,1,1,28.79
2025-07-29,화,KIA,두산,0.6989756097560975,두산,15.5,-3,32.0,0.0,64.0,8.9,0.0137,0.36,0.003,2,1,1,9.91
2025-07-29,화,한화,삼성,0.849702604088569,삼성,9.5,-7,32.0,0.0,64.0,8.9,0.0137,0.36,0.003,2,1,1,33.68
2025-07-29,화,SSG,키움,0.4424782608695652,SSG,9.5,6,32.0,0.0,64.0,8.9,0.0137,0.36,0.003,2,1,1,29.1
2025-07-30,수,LG,KT,0.7487157894736842,LG,2.0,5,32.1,0.0,62.9,5.6,0.0194,0.39,0.003,2,1,2,69.19
2025-07-30,수,롯데,NC,0.925265306122449,NC,11.0,-5,32.1,0.0,62.9,5.6,0.0194,0.39,0.003,2,1,2,33.22
2025-07-30,수,KIA,두산,0.750780487804878,KIA,11.0,0,32.1,0.0,62.9,5.6,0.0194,0.39,0.003,2,1,2,10.94
2025-07-30,수,한화,삼성,0.849702604088569,한화,0.0,5,32.1,0.0,62.9,5.6,0.0194,0.39,0.003,2,1,2,33.09
2025-07-30,수,SSG,키움,0.4571304347826087,SSG,10.0,0,32.1,0.0,62.9,5.6,0.0194,0.39,0.003,2,1,2,28.68
2025-07-31,목,LG,KT,0.7423157894736843,LG,2.0,18,30.9,0.0,62.3,1.1,0.0163,0.32,0.0029,2,1,3,92.65
2025-07-31,목,롯데,NC,0.925265306122449,롯데,5.0,6,30.9,0.0,62.3,1.1,0.0163,0.32,0.0029,2,1,3,48.35
2025-07-31,목,KIA,두산,0.7601951219512195,KIA,11.0,1,30.9,0.0,62.3,1.1,0.0163,0.32,0.0029,2,1,3,16.03
2025-07-31,목,한화,삼성,0.849702604088569,한화,0.0,6,30.9,0.0,62.3,1.1,0.0163,0.32,0.0029,2,1,3,45.23
2025-07-31,목,SSG,키움,0.4746521739130435,SSG,10.0,2,30.9,0.0,62.3,1.1,0.0163,0.32,0.0029,2,1,3,42.5
2025-08-01,금,KIA,한화,1.0,KIA,10.0,1,31.0,0.0,66.9,4.5,0.0143,0.36,0.0031,2,1,3,19.24
2025-08-01,금,NC,KT,0.34325253256150506,NC,11.0,2,31.0,0.0,66.9,4.5,0.0143,0.36,0.0031,2,1,3,49.0
2025-08-01,금,삼성,LG,1.0,LG,1.0,-2,31.0,0.0,66.9,4.5,0.0143,0.36,0.0031,2,1,3,61.84
2025-08-01,금,키움,롯데,0.9555661729574773,키움,30.5,2,31.0,0.0,66.9,4.5,0.0143,0.36,0.0031,2,1,3,77.84
2025-08-01,금,두산,SSG,0.6346526315789474,SSG,9.0,-5,31.0,0.0,66.9,4.5,0.0143,0.36,0.0031,2,1,3,98.8
2025-08-02,토,NC,KT,0.44952966714905934,NC,10.5,1,31.2,0.0,62.1,8.7,0.0118,0.3,0.003,2,1,2,50.2
2025-08-02,토,삼성,LG,1.0,LG,0.5,-1,31.2,0.0,62.1,8.7,0.0118,0.3,0.003,2,1,2,65.64
2025-08-02,토,키움,롯데,0.9555661729574773,롯데,4.5,-1,31.2,0.0,62.1,8.7,0.0118,0.3,0.003,2,1,2,68.04
2025-08-02,토,두산,SSG,0.7274947368421053,두산,16.5,1,31.2,0.0,62.1,8.7,0.0118,0.3,0.003,2,1,2,89.6
2025-08-03,일,NC,KT,0.34194102749638206,NC,10.5,0,28.8,1.3,69.0,0.2,0.0139,0.32,0.0031,2,1,3,32.8
2025-08-03,일,삼성,LG,1.0,LG,0.0,-3,28.8,1.3,69.0,0.2,0.0139,0.32,0.0031,2,1,3,45.23
2025-08-03,일,키움,롯데,0.9555661729574773,롯데,4.0,-6,28.8,1.3,69.0,0.2,0.0139,0.32,0.0031,2,1,3,43.02
2025-08-03,일,두산,SSG,0.6072421052631579,SSG,9.0,-1,28.8,1.3,69.0,0.2,0.0139,0.32,0.0031,2,1,3,54.4
2025-08-05,화,롯데,KIA,0.925265306122449,KIA,10.0,-2,29.1,0.0,67.4,8.5,0.0146,0.29,0.003,2,1,1,39.0
2025-08-05,화,한화,KT,0.838856400259909,KT,10.5,-3,29.1,0.0,67.4,8.5,0.0146,0.29,0.003,2,1,1,42.97
2025-08-05,화,LG,두산,0.8521684210526316,LG,0.0,2,29.1,0.0,67.4,8.5,0.0146,0.29,0.003,2,1,1,80.75
2025-08-05,화,SSG,삼성,0.6021739130434782,삼성,12.5,-4,29.1,0.0,67.4,8.5,0.0146,0.29,0.003,2,1,1,34.75
2025-08-05,화,NC,키움,0.30123914616497827,키움,31.5,-3,29.1,0.0,67.4,8.5,0.0146,0.29,0.003,2,1,1,36.5
2025-08-06,수,롯데,KIA,0.8548571428571429,롯데,4.0,6,27.1,22.0,89.0,1.1,0.0138,0.29,0.0026,1,1,3,45.0
2025-08-06,수,한화,KT,0.6957065027240465,한화,0.0,1,27.1,22.0,89.0,1.1,0.0138,0.29,0.0026,1,1,3,42.22
2025-08-06,수,LG,두산,0.8600842105263158,두산,17.0,-2,27.1,22.0,89.0,1.1,0.0138,0.29,0.0026,1,1,3,85.5
2025-08-06,수,SSG,삼성,0.5218695652173913,SSG,9.0,1,27.1,22.0,89.0,1.1,0.0138,0.29,0.0026,1,1,3,34.25
2025-08-06,수,NC,키움,0.26121562952243127,키움,30.5,-4,27.1,22.0,89.0,1.1,0.0138,0.29,0.0026,1,1,3,42.0
2025-08-07,목,롯데,KIA,0.9022040816326531,KIA,10.0,-1,28.2,0.0,70.8,10.2,0.0086,0.33,0.0027,2,1,1,65.5
2025-08-07,목,한화,KT,0.849702604088569,KT,10.5,-1,28.2,0.0,70.8,10.2,0.0086,0.33,0.0027,2,1,1,57.71
2025-08-07,목,LG,두산,0.9007157894736842,LG,0.0,1,28.2,0.0,70.8,10.2,0.0086,0.33,0.0027,2,1,1,114.5
2025-08-07,목,SSG,삼성,0.6597391304347826,삼성,12.5,-5,28.2,0.0,70.8,10.2,0.0086,0.33,0.0027,2,1,1,50.75
2025-08-07,목,NC,키움,0.26650687409551377,키움,30.5,-1,28.2,0.0,70.8,10.2,0.0086,0.33,0.0027,2,1,1,58.25
2025-08-08,금,LG,한화,1.0,LG,0.0,1,26.6,6.3,74.8,1.7,0.016,0.37,0.0029,2,1,2,98.8
2025-08-08,금,NC,KIA,0.5490683791606368,NC,12.5,1,26.6,6.3,74.8,1.7,0.016,0.37,0.0029,2,1,2,49.0
2025-08-08,금,키움,두산,0.7669015766841853,두산,18.0,-7,26.6,6.3,74.8,1.7,0.016,0.37,0.0029,2,1,2,77.84
2025-08-08,금,롯데,SSG,0.8200408163265306,SSG,10.0,-1,26.6,6.3,74.8,1.7,0.016,0.37,0.0029,2,1,2,56.4
2025-08-08,금,KT,삼성,1.0,삼성,12.5,-4,26.6,6.3,74.8,1.7,0.016,0.37,0.0029,2,1,2,65.2
2025-08-09,토,LG,한화,1.0,LG,0.0,7,24.9,3.5,82.1,0.3,0.0208,0.42,0.0029,2,1,2,89.6
2025-08-09,토,키움,두산,0.9555661729574773,두산,18.0,-2,24.9,3.5,82.1,0.3,0.0208,0.42,0.0029,2,1,2,68.04
2025-08-09,토,KT,삼성,1.0,KT,11.5,2,24.9,3.5,82.1,0.3,0.0208,0.42,0.0029,2,1,2,81.6
2025-08-10,일,LG,한화,1.0,한화,2.0,-1,27.3,0.0,70.0,12.3,0.0108,0.34,0.0029,2,1,1,54.4
2025-08-10,일,NC,KIA,0.48720151953690305,NC,12.0,4,27.3,0.0,70.0,12.3,0.0108,0.34,0.0029,2,1,1,32.8
2025-08-10,일,키움,두산,0.9024725274725275,키움,31.5,1,27.3,0.0,70.0,12.3,0.0108,0.34,0.0029,2,1,1,43.02
2025-08-10,일,롯데,SSG,0.9004897959183673,SSG,9.5,-9,27.3,0.0,70.0,12.3,0.0108,0.34,0.0029,2,1,1,39.8
2025-08-10,일,KT,삼성,1.0,KT,10.5,7,27.3,0.0,70.0,12.3,0.0108,0.34,0.0029,2,1,1,46.2
2025-08-12,화,삼성,KIA,0.9384166666666667,KIA,11.5,-4,28.6,0.0,62.9,12.0,0.0149,0.39,0.0028,2,1,1,40.03
2025-08-12,화,KT,LG,0.770427807486631,LG,0.0,-9,28.6,0.0,62.9,12.0,0.0149,0.39,0.0028,2,1,1,38.0
2025-08-12,화,한화,롯데,0.849702604088569,한화,2.0,2,28.6,0.0,62.9,12.0,0.0149,0.39,0.0028,2,1,1,42.97
2025-08-12,화,두산,NC,0.488,NC,12.0,-1,28.6,0.0,62.9,12.0,0.0149,0.39,0.0028,2,1,1,80.75
2025-08-12,화,SSG,키움,0.43873913043478263,SSG,9.5,2,28.6,0.0,62.9,12.0,0.0149,0.39,0.0028,2,1,1,34.75
2025-08-13,수,삼성,KIA,1.0,KIA,11.0,-8,25.1,126.7,91.8,0.0,0.0149,0.29,0.003,1,1,3,41.78
2025-08-13,수,한화,롯데,0.849702604088569,한화,1.5,6,25.1,126.7,91.8,0.0,0.0149,0.29,0.003,1,1,3,42.22
2025-08-14,목,삼성,KIA,1.0,KIA,10.5,-6,25.5,47.8,91.1,0.0,0.0124,0.26,0.0032,1,1,3,60.79
2025-08-14,목,한화,롯데,0.849702604088569,한화,1.0,1,25.5,47.8,91.1,0.0,0.0124,0.26,0.0032,1,1,3,57.71
2025-08-14,목,두산,NC,0.46054736842105265,두산,18.5,1,25.5,47.8,91.1,0.0,0.0124,0.26,0.0032,1,1,3,114.5
2025-08-14,목,SSG,키움,0.4113478260869565,키움,32.0,-2,25.5,47.8,91.1,0.0,0.0124,0.26,0.0032,1,1,3,50.75
2025-08-15,금,NC,한화,0.8132688133140377,한화,1.0,-7,27.1,0.0,84.3,4.9,0.0135,0.29,0.0038,1,1,1,49.0
2025-08-15,금,두산,KIA,1.0,두산,18.5,1,27.1,0.0,84.3,4.9,0.0135,0.29,0.0038,1,1,1,98.8
2025-08-15,금,키움,KT,0.6918896321070234,키움,32.0,4,27.1,0.0,84.3,4.9,0.0135,0.29,0.0038,1,1,1,77.84
2025-08-15,금,SSG,LG,1.0,LG,0.0,-2,27.1,0.0,84.3,4.9,0.0135,0.29,0.0038,1,1,1,46.2
2025-08-15,금,롯데,삼성,0.925265306122449,삼성,15.5,-6,27.1,0.0,84.3,4.9,0.0135,0.29,0.0038,1,1,1,56.4
2025-08-16,토,NC,한화,0.8132688133140377,NC,12.5,3,28.2,0.0,76.0,6.9,0.0112,0.19,0.0046,1,1,2,50.2
2025-08-16,토,두산,KIA,1.0,두산,17.5,1,28.2,0.0,76.0,6.9,0.0112,0.19,0.0046,1,1,2,89.6
2025-08-16,토,키움,KT,0.6069636884854276,키움,31.0,1,28.2,0.0,76.0,6.9,0.0112,0.19,0.0046,1,1,2,68.04
2025-08-16,토,SSG,LG,1.0,SSG,10.0,3,28.2,0.0,76.0,6.9,0.0112,0.19,0.0046,1,1,2,50.0
2025-08-16,토,롯데,삼성,0.925265306122449,삼성,14.5,-3,28.2,0.0,76.0,6.9,0.0112,0.19,0.0046,1,1,2,59.8
2025-08-17,일,NC,한화,0.5507869030390738,NC,12.5,5,28.4,0.0,76.3,1.8,0.0068,0.18,0.006,1,1,3,32.8
2025-08-17,일,두산,KIA,1.0,두산,17.5,2,28.4,0.0,76.3,1.8,0.0068,0.18,0.006,1,1,3,54.4
2025-08-17,일,키움,KT,0.5278308647873865,KT,12.5,-2,28.4,0.0,76.3,1.8,0.0068,0.18,0.006,1,1,3,43.02
2025-08-17,일,SSG,LG,1.0,LG,0.0,-5,28.4,0.0,76.3,1.8,0.0068,0.18,0.006,1,1,3,29.6
2025-08-17,일,롯데,삼성,0.925265306122449,롯데,10.0,0,28.4,0.0,76.3,1.8,0.0068,0.18,0.006,1,1,3,39.8
2025-08-19,화,LG,롯데,1.0,LG,0.0,3,29.1,0.0,75.3,6.2,0.0104,0.19,0.0091,1,1,2,80.75
2025-08-19,화,한화,두산,0.828709951516969,두산,17.5,-1,29.1,0.0,75.3,6.2,0.0104,0.19,0.0091,1,1,2,42.97
2025-08-19,화,KT,SSG,0.47342245989304815,KT,12.5,1,29.1,0.0,75.3,6.2,0.0104,0.19,0.0091,1,1,2,38.0
2025-08-19,화,NC,삼성,0.3773064399421129,삼성,15.0,-4,29.1,0.0,75.3,6.2,0.0104,0.19,0.0091,1,1,2,36.5
2025-08-19,화,KIA,키움,0.5377073170731708,KIA,12.5,3,29.1,0.0,75.3,6.2,0.0104,0.19,0.0091,1,1,2,12.64
2025-08-20,수,LG,롯데,1.0,LG,0.0,2,29.4,0.0,74.5,5.2,0.0126,0.21,0.0109,1,1,2,85.5
2025-08-20,수,한화,두산,0.8024191532963463,두산,17.5,-4,29.4,0.0,74.5,5.2,0.0126,0.21,0.0109,1,1,2,42.22
2025-08-20,수,KT,SSG,0.48459893048128344,SSG,12.0,-2,29.4,0.0,74.5,5.2,0.0126,0.21,0.0109,1,1,2,42.0
2025-08-20,수,NC,삼성,0.42646526772793053,삼성,15.0,-1,29.4,0.0,74.5,5.2,0.0126,0.21,0.0109,1,1,2,42.0
2025-08-20,수,KIA,키움,0.5123414634146342,키움,33.0,-5,29.4,0.0,74.5,5.2,0.0126,0.21,0.0109,1,1,2,13.95
2025-08-21,목,LG,롯데,1.0,LG,0.0,0,29.8,0.0,70.6,7.5,0.0117,0.2,0.0116,2,1,2,114.5
2025-08-21,목,한화,두산,0.8181636427250463,두산,17.0,-3,29.8,0.0,70.6,7.5,0.0117,0.2,0.0116,2,1,2,57.71
2025-08-21,목,KT,SSG,0.5300534759358289,SSG,11.5,-6,29.8,0.0,70.6,7.5,0.0117,0.2,0.0116,2,1,2,63.75
2025-08-21,목,NC,삼성,0.4446454413892909,NC,14.0,2,29.8,0.0,70.6,7.5,0.0117,0.2,0.0116,2,1,2,58.25
2025-08-21,목,KIA,키움,0.49078048780487804,키움,32.5,-1,29.8,0.0,70.6,7.5,0.0117,0.2,0.0116,2,1,2,20.45
2025-08-22,금,두산,KT,0.6904,KT,14.0,-5,29.4,0.0,71.5,9.5,0.0127,0.21,0.0117,1,1,1,98.8
2025-08-22,금,KIA,LG,0.7138048780487805,LG,0.0,-12,29.4,0.0,71.5,9.5,0.0127,0.21,0.0117,1,1,1,19.24
2025-08-22,금,NC,롯데,0.8132688133140377,NC,14.0,1,29.4,0.0,71.5,9.5,0.0127,0.21,0.0117,1,1,1,49.0
2025-08-22,금,한화,SSG,0.8220122956965062,SSG,11.5,-1,29.4,0.0,71.5,9.5,0.0127,0.21,0.0117,1,1,1,52.96
2025-08-22,금,삼성,키움,1.0,삼성,15.5,6,29.4,0.0,71.5,9.5,0.0127,0.21,0.0117,1,1,1,61.84
2025-08-23,토,두산,KT,0.9193263157894737,KT,14.0,-4,29.3,0.0,74.9,3.6,0.0097,0.22,0.0118,2,1,1,89.6
2025-08-23,토,KIA,LG,1.0,LG,0.0,-4,29.3,0.0,74.9,3.6,0.0097,0.22,0.0118,2,1,1,21.27
2025-08-23,토,NC,롯데,0.8132688133140377,NC,14.0,3,29.3,0.0,74.9,3.6,0.0097,0.22,0.0118,2,1,1,50.2
2025-08-23,토,한화,SSG,0.849702604088569,한화,5.5,5,29.3,0.0,74.9,3.6,0.0097,0.22,0.0118,2,1,1,54.76
2025-08-23,토,삼성,키움,1.0,삼성,15.5,4,29.3,0.0,74.9,3.6,0.0097,0.22,0.0118,2,1,1,65.64
2025-08-24,일,두산,KT,0.7538947368421053,KT,14.0,-1,30.2,0.0,69.4,6.3,0.0108,0.28,0.0122,2,1,1,54.4
2025-08-24,일,KIA,LG,0.7379512195121951,LG,0.0,-1,30.2,0.0,69.4,6.3,0.0108,0.28,0.0122,2,1,1,12.15
2025-08-24,일,NC,롯데,0.8132688133140377,롯데,14.0,-12,30.2,0.0,69.4,6.3,0.0108,0.28,0.0122,2,1,1,32.8
2025-08-24,일,한화,SSG,0.849702604088569,한화,5.5,3,30.2,0.0,69.4,6.3,0.0108,0.28,0.0122,2,1,1,30.98
2025-08-24,일,삼성,키움,1.0,삼성,15.5,3,30.2,0.0,69.4,6.3,0.0108,0.28,0.0122,2,1,1,45.23
2025-08-26,화,키움,한화,0.9555661729574773,한화,4.5,-2,27.6,5.4,81.8,5.6,0.0135,0.3,0.0023,2,1,2,52.28
2025-08-26,화,SSG,KIA,0.7603478260869565,SSG,12.5,4,27.6,5.4,81.8,5.6,0.0135,0.3,0.0023,2,1,2,34.75
2025-08-26,화,롯데,KT,0.657795918367347,롯데,13.0,1,27.6,5.4,81.8,5.6,0.0135,0.3,0.0023,2,1,2,39.0
2025-08-26,화,NC,LG,0.2937771345875543,NC,14.0,2,27.6,5.4,81.8,5.6,0.0135,0.3,0.0023,2,1,2,36.5
2025-08-26,화,두산,삼성,0.8627789473684211,삼성,14.5,-4,27.6,5.4,81.8,5.6,0.0135,0.3,0.0023,2,1,2,80.75
2025-08-27,수,키움,한화,0.9555661729574773,한화,4.5,-2,26.7,0.0,73.8,2.6,0.0149,0.37,0.0015,2,1,2,49.53
2025-08-27,수,SSG,KIA,0.7690434782608696,KIA,17.0,-2,26.7,0.0,73.8,2.6,0.0149,0.37,0.0015,2,1,2,34.25
2025-08-27,수,롯데,KT,0.6867755102040817,KT,14.0,-5,26.7,0.0,73.8,2.6,0.0149,0.37,0.0015,2,1,2,45.0
2025-08-27,수,NC,LG,0.3770350940665702,LG,0.0,-9,26.7,0.0,73.8,2.6,0.0149,0.37,0.0015,2,1,2,42.0
2025-08-27,수,두산,삼성,0.8925473684210526,삼성,14.5,-13,26.7,0.0,73.8,2.6,0.0149,0.37,0.0015,2,1,2,85.5
2025-08-28,목,키움,한화,0.9555661729574773,한화,4.5,-6,28.3,0.0,72.9,3.0,0.0164,0.34,0.001,2,1,3,73.54
2025-08-28,목,SSG,KIA,0.7753478260869565,KIA,17.0,-4,28.3,0.0,72.9,3.0,0.0164,0.34,0.001,2,1,3,50.75
2025-08-28,목,롯데,KT,0.7050204081632653,롯데,14.0,1,28.3,0.0,72.9,3.0,0.0164,0.34,0.001,2,1,3,65.5
2025-08-28,목,NC,LG,0.4308972503617945,LG,0.0,-1,28.3,0.0,72.9,3.0,0.0164,0.34,0.001,2,1,3,58.25
2025-08-28,목,두산,삼성,0.9737263157894737,두산,21.0,1,28.3,0.0,72.9,3.0,0.0164,0.34,0.001,2,1,3,114.5
2025-08-29,금,KT,KIA,1.0,KIA,16.0,-9,29.0,32.2,82.0,4.3,0.0123,0.21,0.0021,1,1,2,65.2
2025-08-29,금,SSG,NC,0.5003913043478261,SSG,13.5,8,29.0,32.2,82.0,4.3,0.0123,0.21,0.0021,1,1,2,46.2
2025-08-29,금,롯데,두산,0.7948163265306123,두산,20.0,-6,29.0,32.2,82.0,4.3,0.0123,0.21,0.0021,1,1,2,56.4
2025-08-29,금,한화,삼성,0.849702604088569,삼성,14.5,-2,29.0,32.2,82.0,4.3,0.0123,0.21,0.0021,1,1,2,52.96
2025-08-29,금,LG,키움,0.9360421052631579,키움,36.5,-1,29.0,32.2,82.0,4.3,0.0123,0.21,0.0021,1,1,2,98.8
2025-08-30,토,KT,KIA,1.0,KT,15.0,6,28.4,23.9,81.1,5.8,0.0129,0.23,0.0005,1,1,2,81.6
2025-08-30,토,SSG,NC,0.8890869565217391,NC,16.0,-10,28.4,23.9,81.1,5.8,0.0129,0.23,0.0005,1,1,2,50.0
2025-08-30,토,롯데,두산,0.925265306122449,롯데,14.5,0,28.4,23.9,81.1,5.8,0.0129,0.23,0.0005,1,1,2,59.8
2025-08-30,토,한화,삼성,0.849702604088569,삼성,14.5,-4,28.4,23.9,81.1,5.8,0.0129,0.23,0.0005,1,1,2,54.76
2025-08-30,토,LG,키움,1.0,LG,0.0,1,28.4,23.9,81.1,5.8,0.0129,0.23,0.0005,1,1,2,89.6
2025-08-31,일,KT,KIA,1.0,KT,14.0,1,28.5,0.0,75.3,5.9,0.0105,0.24,0.0007,1,1,2,46.2
2025-08-31,일,SSG,NC,0.5708260869565217,SSG,13.5,2,28.5,0.0,75.3,5.9,0.0105,0.24,0.0007,1,1,2,29.6
2025-08-31,일,롯데,두산,0.8306122448979592,롯데,13.5,4,28.5,0.0,75.3,5.9,0.0105,0.24,0.0007,1,1,2,39.8
2025-08-31,일,한화,삼성,0.849702604088569,삼성,13.5,-2,28.5,0.0,75.3,5.9,0.0105,0.24,0.0007,1,1,2,30.98
2025-08-31,일,LG,키움,0.9474947368421053,키움,36.5,-1,28.5,0.0,75.3,5.9,0.0105,0.24,0.0007,1,1,2,54.4
2025-09-02,화,한화,KIA,0.8362073274353976,한화,5.5,18,26.0,0.0,74.6,9.1,0.0104,0.3,0.0029,2,1,1,34.38
2025-09-02,화,LG,롯데,1.0,LG,0.0,1,26.0,0.0,74.6,9.1,0.0104,0.3,0.0029,2,1,1,64.6
2025-09-02,화,KT,NC,0.3588235294117647,NC,16.0,-5,26.0,0.0,74.6,9.1,0.0104,0.3,0.0029,2,1,1,30.4
2025-09-02,화,SSG,키움,0.4831304347826087,SSG,13.5,5,26.0,0.0,74.6,9.1,0.0104,0.3,0.0029,2,1,1,27.8
2025-09-03,수,KT,롯데,0.7973262032085562,KT,14.5,1,27.6,0.0,67.5,9.5,0.0169,0.37,0.003,2,1,2,42.0
2025-09-03,수,한화,NC,0.849702604088569,한화,5.0,1,27.6,0.0,67.5,9.5,0.0169,0.37,0.003,2,1,2,42.22
2025-09-03,수,KIA,SSG,0.7057560975609756,SSG,13.0,-1,27.6,0.0,67.5,9.5,0.0169,0.37,0.003,2,1,2,13.95
2025-09-03,수,삼성,키움,0.93525,키움,37.0,-1,27.6,0.0,67.5,9.5,0.0169,0.37,0.003,2,1,2,41.78
2025-09-04,목,KT,LG,0.664385026737968,LG,0.0,-2,25.8,44.2,82.1,3.1,0.013,0.28,0.0026,2,1,2,63.75
2025-09-04,목,NC,두산,0.2412717076700434,두산,21.0,-9,25.8,44.2,82.1,3.1,0.013,0.28,0.0026,2,1,2,58.25
2025-09-05,금,SSG,롯데,0.9360434782608695,SSG,13.0,2,27.9,0.0,68.5,7.9,0.0153,0.3,0.0021,2,1,1,57.75
2025-09-05,금,NC,두산,0.29802821997105644,두산,20.5,-6,27.9,0.0,68.5,7.9,0.0153,0.3,0.0021,2,1,1,61.25
2025-09-05,금,삼성,키움,1.0,삼성,14.5,5,27.9,0.0,68.5,7.9,0.0153,0.3,0.0021,2,1,1,77.3
2025-09-06,토,삼성,한화,1.0,한화,5.0,-3,26.8,36.1,86.6,1.2,0.0134,0.29,0.0021,2,1,3,82.05
2025-09-06,토,NC,KIA,0.6801736613603473,KIA,18.5,-4,26.8,36.1,86.6,1.2,0.0134,0.29,0.0021,2,1,3,62.75
2025-09-07,일,삼성,한화,1.0,삼성,14.0,1,25.3,0.2,77.5,1.7,0.0074,0.31,0.0021,2,1,2,56.54
2025-09-07,일,NC,KIA,0.5017637481910275,NC,17.5,1,25.3,0.2,77.5,1.7,0.0074,0.31,0.0021,2,1,2,41.0
2025-09-07,일,LG,SSG,1.0,SSG,12.0,-4,25.3,0.2,77.5,1.7,0.0074,0.31,0.0021,2,1,2,68.0
2025-09-09,화,롯데,한화,0.7391428571428571,한화,4.0,-8,23.7,0.0,71.9,1.0,0.0181,0.44,0.0023,2,1,2,31.2
2025-09-09,화,키움,LG,0.8822861920688008,키움,36.5,9,23.7,0.0,71.9,1.0,0.0181,0.44,0.0023,2,1,2,41.82
2025-09-09,화,KT,두산,0.655187165775401,KT,14.0,7,23.7,0.0,71.9,1.0,0.0181,0.44,0.0023,2,1,2,30.4
2025-09-10,수,롯데,한화,0.8984081632653061,한화,4.0,-13,24.8,0.0,61.1,11.9,0.0185,0.37,0.0022,1,1,1,45.0
2025-09-10,수,두산,LG,0.7518315789473684,LG,0.0,-4,24.8,0.0,61.1,11.9,0.0185,0.37,0.0022,1,1,1,85.5
2025-09-10,수,NC,SSG,0.2041425470332851,NC,17.0,1,24.8,0.0,61.1,11.9,0.0185,0.37,0.0022,1,1,1,42.0
2025-09-10,수,KIA,삼성,0.4777073170731707,KIA,18.0,4,24.8,0.0,61.1,11.9,0.0185,0.37,0.0022,1,1,1,13.95
2025-09-11,목,LG,KT,0.8725052631578948,KT,13.5,-2,25.8,0.0,57.6,11.8,0.0187,0.35,0.0022,1,1,1,114.5
2025-09-11,목,KIA,롯데,0.46897560975609753,롯데,15.5,-1,25.8,0.0,57.6,11.8,0.0187,0.35,0.0022,1,1,1,20.45
2025-09-11,목,키움,NC,0.42015050167224083,키움,36.0,3,25.8,0.0,57.6,11.8,0.0187,0.35,0.0022,1,1,1,73.54
2025-09-11,목,삼성,SSG,1.0,SSG,11.5,-4,25.8,0.0,57.6,11.8,0.0187,0.35,0.0022,1,1,1,60.79
2025-09-12,금,KIA,두산,0.46912195121951217,KIA,17.5,1,23.9,6.8,68.8,0.3,0.0164,0.31,0.0021,2,1,3,24.05
2025-09-13,토,LG,KIA,1.0,KIA,16.5,-3,23.3,63.7,81.0,6.026020408163265,0.0114,0.23,0.002,2,1,3,112.0
2025-09-13,토,삼성,KT,1.0,KT,12.5,-2,23.3,63.7,81.0,6.026020408163265,0.0114,0.23,0.002,2,1,3,82.05
2025-09-13,토,NC,두산,0.5724493487698987,NC,16.0,2,23.3,63.7,81.0,6.026020408163265,0.0114,0.23,0.002,2,1,3,62.75
2025-09-13,토,롯데,SSG,0.925265306122449,롯데,14.5,1,23.3,63.7,81.0,6.026020408163265,0.0114,0.23,0.002,2,1,3,74.75
2025-09-13,토,한화,키움,0.849702604088569,한화,2.5,5,23.3,63.7,81.0,6.026020408163265,0.0114,0.23,0.002,2,1,3,68.45
2025-09-14,일,LG,KIA,1.0,LG,0.0,14,24.8,0.0,72.0,5.7,0.0119,0.28,0.0021,2,1,2,68.0
2025-09-14,일,삼성,KT,1.0,삼성,14.5,4,24.8,0.0,72.0,5.7,0.0119,0.28,0.0021,2,1,2,56.54
2025-09-14,일,NC,두산,0.5296219247467439,NC,16.0,6,24.8,0.0,72.0,5.7,0.0119,0.28,0.0021,2,1,2,41.0
2025-09-14,일,한화,키움,0.849702604088569,키움,36.0,-3,24.8,0.0,72.0,5.7,0.0119,0.28,0.0021,2,1,2,38.72
2025-09-15,월,한화,키움,0.849702604088569,한화,3.0,1,25.7,0.0,71.6,9.4,0.0202,0.38,0.0021,2,1,1,24.38
2025-09-16,화,KIA,한화,0.4486341463414634,한화,3.0,-10,23.7,17.5,86.8,0.7,0.0272,0.44,0.0022,1,1,2,10.11
2025-09-16,화,KT,LG,0.613957219251337,LG,0.0,-4,23.7,17.5,86.8,0.7,0.0272,0.44,0.0022,1,1,2,30.4
2025-09-16,화,삼성,롯데,1.0,삼성,14.5,2,23.7,17.5,86.8,0.7,0.0272,0.44,0.0022,1,1,2,32.02
2025-09-16,화,NC,SSG,0.2326790882778582,SSG,12.0,-4,23.7,17.5,86.8,0.7,0.0272,0.44,0.0022,1,1,2,29.2
2025-09-16,화,두산,키움,0.5354105263157894,키움,36.5,-3,23.7,17.5,86.8,0.7,0.0272,0.44,0.0022,1,1,2,64.6
2025-09-17,수,KIA,한화,0.33082926829268294,한화,2.5,-4,22.7,52.7,92.0,0.4,0.0171,0.35,0.0022,1,1,3,13.95
2025-09-17,수,NC,SSG,0.22987518089725037,NC,16.5,4,22.7,52.7,92.0,0.4,0.0171,0.35,0.0022,1,1,3,42.0
2025-09-17,수,두산,키움,0.4226105263157895,키움,36.0,-2,22.7,52.7,92.0,0.4,0.0171,0.35,0.0022,1,1,3,85.5
2025-09-18,목,KIA,한화,0.528829268292683,한화,3.0,-1,22.1,0.0,74.4,6.1,0.0128,0.27,0.002,1,1,2,20.45
2025-09-18,목,KT,LG,0.37518716577540107,LG,0.0,-4,22.1,0.0,74.4,6.1,0.0128,0.27,0.002,1,1,2,63.75
2025-09-18,목,KT,LG,0.37518716577540107,LG,0.0,-13,22.1,0.0,74.4,6.1,0.0128,0.27,0.002,1,1,2,63.75
2025-09-18,목,KT,LG,0.7954545454545454,LG,0.0,-4,22.1,0.0,74.4,6.1,0.0128,0.27,0.002,1,1,2,63.75
2025-09-18,목,KT,LG,0.7954545454545454,LG,0.0,-13,22.1,0.0,74.4,6.1,0.0128,0.27,0.002,1,1,2,63.75
2025-09-18,목,NC,삼성,0.544455499276411,삼성,15.0,-4,22.1,0.0,74.4,6.1,0.0128,0.27,0.002,1,1,2,58.25
2025-09-18,목,두산,키움,0.5683368421052631,두산,24.0,1,22.1,0.0,74.4,6.1,0.0128,0.27,0.002,1,1,2,114.5
2025-09-19,금,NC,롯데,0.8132688133140377,롯데,16.5,-16,19.4,13.8,82.0,0.0,0.0168,0.3,0.002,1,1,3,61.25
2025-09-20,토,KT,한화,1.0,KT,15.5,2,20.0,35.3,85.4,1.2,0.0093,0.23,0.002,2,1,3,102.0
2025-09-20,토,KIA,NC,0.8653170731707317,KIA,19.5,1,20.0,35.3,85.4,1.2,0.0093,0.23,0.002,2,1,3,26.59
2025-09-20,토,SSG,두산,1.0,SSG,12.5,13,20.0,35.3,85.4,1.2,0.0093,0.23,0.002,2,1,3,62.5
2025-09-20,토,LG,삼성,1.0,삼성,14.0,-10,20.0,35.3,85.4,1.2,0.0093,0.23,0.002,2,1,3,112.0
2025-09-20,토,롯데,키움,0.925265306122449,키움,36.5,-10,20.0,35.3,85.4,1.2,0.0093,0.23,0.002,2,1,3,74.75
2025-09-21,일,KIA,NC,0.6734146341463415,NC,18.0,-1,21.6,0.0,67.0,10.2,0.0089,0.22,0.002,2,1,1,15.18
2025-09-21,일,SSG,두산,1.0,SSG,12.0,4,21.6,0.0,67.0,10.2,0.0089,0.22,0.002,2,1,1,37.0
2025-09-21,일,KT,삼성,1.0,KT,15.0,3,21.6,0.0,67.0,10.2,0.0089,0.22,0.002,2,1,1,57.75
2025-09-22,월,SSG,두산,0.5681304347826087,두산,24.0,-7,21.3,0.0,59.8,4.3,0.015,0.27,0.002,1,1,3,21.6
2025-09-23,화,SSG,KIA,0.8684347826086957,SSG,12.0,5,22.7,0.0,56.5,5.2,0.0176,0.29,0.0021,1,1,3,27.8
2025-09-23,화,롯데,NC,0.3955102040816327,NC,17.5,-2,22.7,0.0,56.5,5.2,0.0176,0.29,0.0021,1,1,3,31.2
2025-09-23,화,삼성,두산,0.9979166666666667,삼성,14.0,2,22.7,0.0,56.5,5.2,0.0176,0.29,0.0021,1,1,3,32.02
2025-09-23,화,KT,키움,0.6755080213903744,KT,14.5,7,22.7,0.0,56.5,5.2,0.0176,0.29,0.0021,1,1,3,30.4
2025-09-24,수,키움,KIA,0.9555661729574773,KIA,19.5,-2,22.0,35.2,81.8,0.1,0.0224,0.34,0.0021,1,1,3,49.53
2025-09-24,수,NC,LG,0.486794500723589,NC,16.5,5,22.0,35.2,81.8,0.1,0.0224,0.34,0.0021,1,1,3,42.0
2025-09-24,수,삼성,롯데,0.9975,삼성,13.0,5,22.0,35.2,81.8,0.1,0.0224,0.34,0.0021,1,1,3,41.78
2025-09-25,목,두산,한화,1.0,두산,24.0,7,22.5,0.3,80.0,5.5,0.0162,0.33,0.0023,2,1,2,114.5
2025-09-25,목,SSG,KT,0.6643043478260869,KT,14.0,-9,22.5,0.3,80.0,5.5,0.0162,0.33,0.0023,2,1,2,50.75
2025-09-25,목,롯데,LG,0.38020408163265307,LG,0.0,-10,22.5,0.3,80.0,5.5,0.0162,0.33,0.0023,2,1,2,65.5
2025-09-25,목,삼성,키움,0.9620416666666667,삼성,13.0,9,22.5,0.3,80.0,5.5,0.0162,0.33,0.0023,2,1,2,60.79
2025-09-26,금,SSG,KT,0.8298695652173913,SSG,11.386363636363637,3,21.7,0.0,78.1,8.1,0.0201,0.45,0.0022,2,1,1,57.75
2025-09-26,금,한화,LG,0.849702604088569,한화,2.6818181818181817,3,21.7,0.0,78.1,8.1,0.0201,0.45,0.0022,2,1,1,66.2
2025-09-26,금,두산,NC,0.7754947368421052,NC,16.045454545454547,-3,21.7,0.0,78.1,8.1,0.0201,0.45,0.0022,2,1,1,123.5
2025-09-26,금,롯데,삼성,0.925265306122449,롯데,16.75,1,21.7,0.0,78.1,8.1,0.0201,0.45,0.0022,2,1,1,70.5
2025-09-27,토,한화,LG,0.849702604088569,LG,0.0,-7,22.5,0.0,71.1,8.3,0.0225,0.43,0.0023,2,1,1,68.45
2025-09-27,토,KIA,NC,0.7290243902439024,NC,16.0,-1,22.5,0.0,71.1,8.3,0.0225,0.43,0.0023,2,1,1,26.59
2025-09-27,토,두산,SSG,1.0,SSG,11.5,-4,22.5,0.0,71.1,8.3,0.0225,0.43,0.0023,2,1,1,112.0
2025-09-28,일,두산,롯데,1.0,두산,24.5,5,20.0,44.5,85.6,0.9,0.0119,0.35,0.0022,2,1,3,68.0
2025-09-28,일,키움,삼성,0.9555661729574773,삼성,13.0,-2,20.0,44.5,85.6,0.9,0.0119,0.35,0.0022,2,1,3,53.78
2025-09-29,월,한화,LG,0.849702604088569,한화,2.5,4,19.6,0.0,77.8,4.9,0.0159,0.39,0.0023,2,1,1,24.38
2025-09-29,월,SSG,롯데,0.9645217391304348,SSG,10.5,2,19.6,0.0,77.8,4.9,0.0159,0.39,0.0023,2,1,1,21.6
2025-09-29,월,KIA,NC,0.17726829268292682,NC,15.0,-9,19.6,0.0,77.8,4.9,0.0159,0.39,0.0023,2,1,1,8.71
2025-09-30,화,삼성,KIA,0.9972083333333334,삼성,11.5,5,19.8,0.0,81.3,1.2,0.0264,0.48,0.0026,2,1,2,32.02
2025-09-30,화,NC,KT,0.6437680897250362,NC,14.0,5,19.8,0.0,81.3,1.2,0.0264,0.48,0.0026,2,1,2,29.2
2025-09-30,화,한화,롯데,0.849702604088569,한화,1.5,1,19.8,0.0,81.3,1.2,0.0264,0.48,0.0026,2,1,2,34.38
2025-09-30,화,LG,두산,1.0,두산,23.0,-6,19.8,0.0,81.3,1.2,0.0264,0.48,0.0026,2,1,2,64.6
2025-09-30,화,키움,SSG,0.9555661729574773,SSG,9.5,-1,19.8,0.0,81.3,1.2,0.0264,0.48,0.0026,2,1,2,41.82
2025-10-01,수,SSG,한화,1.0,SSG,8.5,1,20.5,0.0,78.1,4.7,0.0232,0.48,0.0027,2,1,1,25.15
2025-10-01,수,KIA,KT,0.33058536585365855,KT,13.0,-6,20.5,0.0,78.1,4.7,0.0232,0.48,0.0027,2,1,1,9.45
2025-10-01,수,LG,NC,1.0,NC,13.0,-4,20.5,0.0,78.1,4.7,0.0232,0.48,0.0027,2,1,1,57.14
2025-10-02,목,KIA,SSG,0.39234146341463416,KIA,20.0,5,21.4,0.0,74.5,5.7,0.0256,0.45,0.0024,2,1,3,13.85
2025-10-03,금,KT,한화,1.0,KT,13.0,0,21.2,0.8,75.5,0.0,0.0178,0.36,0.0025,1,1,3,59.65
2025-10-04,토,NC,SSG,0.8132688133140377,NC,12.5,6,22.5,0.0,74.6,0.6,0.0113,0.29,0.0023,2,1,3,45.61
2025-10-04,토,KIA,삼성,0.8542926829268292,KIA,19.5,1,22.5,0.0,74.6,0.6,0.0113,0.29,0.0023,2,1,3,22.51
